year,dfozone,month,chal_load_median,lep_mot_load_median,lep_af_load_median,cal_mot_load_median
2003,3_3,10,98833.375,727731.100,154987.800,19193.750
2003,3_3,11,81671.500,724999.050,291804.900,86235.625
2003,3_3,12,305885.500,777083.850,321346.000,320482.400
2004,2_3,11,0.000,54557.767,25318.167,0.000
2004,2_3,12,0.000,75548.500,40292.533,0.000
2004,2_4,11,87553.900,402338.933,91440.667,0.000
2004,2_4,12,6168.767,740725.117,273527.725,0.000
2004,3_1,11,0.000,5530.967,0.000,0.000
2004,3_1,12,0.000,5325.933,5325.933,5325.933
2004,3_2,11,442242.167,338470.200,175503.067,0.000
2004,3_2,12,182584.286,255618.000,85206.000,94571.767
2004,3_3,1,84343.275,283726.400,120733.900,27512.000
2004,3_3,2,100257.225,593345.800,157214.975,15744.675
2004,3_3,3,278077.050,617949.000,139038.525,40558.829
2004,3_3,4,856996.400,1648194.300,277812.733,35320.675
2004,3_3,5,509322.150,1748360.700,485655.750,120576.800
2004,3_3,6,118077.750,1376743.825,623051.950,2401.375
2004,3_3,7,20287.238,536974.500,107394.900,0.000
2004,3_3,8,41603.400,263954.333,77395.952,0.000
2004,3_3,9,6569.438,522635.200,175054.429,0.000
2004,3_3,10,9930.286,30618.381,20688.095,957.600
2004,3_3,11,203481.867,270221.567,76548.133,20067.250
2004,3_3,12,499747.117,1236505.733,276198.233,178457.758
2004,3_4,11,446253.700,300646.133,34371.533,23119.100
2004,3_4,12,364908.000,202726.667,22206.350,7402.117
2004,3_5,11,1569715.533,279837.867,214250.867,0.000
2004,3_5,12,131037.000,16455.500,8735.800,204572.050
2005,2_3,1,9974.933,185305.067,63698.617,0.000
2005,2_3,2,8515.100,368871.108,184510.692,5676.733
2005,2_3,3,33918.400,236291.250,128367.633,10501.833
2005,2_3,4,39727.808,358237.917,111518.092,39147.800
2005,2_3,5,41372.300,227070.000,67280.000,35885.000
2005,2_3,6,4085.225,56543.400,11104.783,68047.883
2005,2_3,7,4321.383,113792.900,25885.212,32410.375
2005,2_3,8,0.000,132286.075,31509.958,28668.092
2005,2_3,9,16438.400,360368.200,101991.000,12930.350
2005,2_3,10,8290.558,420024.608,251220.525,7353.225
2005,2_3,11,76738.200,805871.000,322348.400,74207.100
2005,2_3,12,59603.017,476824.133,153264.900,73125.000
2005,2_4,1,0.000,150956.167,73321.567,0.000
2005,2_4,2,4194.650,143083.736,88311.150,0.000
2005,2_4,3,6199.975,91256.067,27340.167,0.000
2005,2_4,4,40205.767,62131.300,36267.000,0.000
2005,2_4,5,22290.917,46256.383,16975.164,0.000
2005,2_4,6,34281.400,125698.467,79989.933,0.000
2005,2_4,7,59235.550,303086.625,124782.258,4157.425
2005,2_4,8,73920.812,608518.517,290059.133,0.000
2005,2_4,9,176833.642,1227382.492,692512.033,8289.767
2005,2_4,10,35366.942,774869.500,329445.792,0.000
2005,2_4,11,46524.300,2760441.800,1209631.800,0.000
2005,2_4,12,517434.067,1838789.467,743655.725,0.000
2005,3_1,1,0.000,5842.600,2080.733,0.000
2005,3_1,2,0.000,16336.158,8383.383,0.000
2005,3_1,3,0.000,11699.683,10.683,0.000
2005,3_1,4,6939.700,20881.833,11012.433,31.725
2005,3_1,5,11367.567,20050.458,15456.525,0.000
2005,3_1,6,0.000,34288.000,20109.000,0.000
2005,3_1,7,0.000,20145.900,7263.125,0.000
2005,3_1,8,0.000,13094.400,3273.600,3273.600
2005,3_1,9,0.000,9394.333,7045.750,0.000
2005,3_1,10,0.000,0.000,0.000,0.000
2005,3_1,11,0.000,17089.500,7488.050,0.000
2005,3_1,12,1242.794,17447.678,4990.600,0.000
2005,3_2,1,865018.000,222171.000,85095.333,0.000
2005,3_2,2,402110.179,287901.292,29942.692,3166.017
2005,3_2,3,728748.000,727136.000,294864.900,106177.000
2005,3_2,4,1609350.208,832251.879,359008.579,339366.967
2005,3_2,5,445274.633,238443.667,131771.500,44628.667
2005,3_2,6,169371.750,279182.600,10208.800,2227.750
2005,3_2,7,21330.350,123410.808,14130.308,0.000
2005,3_2,8,0.000,48585.333,8753.667,35454.450
2005,3_2,9,65912.575,158851.050,10721.942,51503.125
2005,3_2,10,80754.917,416391.600,96661.833,0.000
2005,3_2,11,128425.183,445737.000,178193.000,0.000
2005,3_2,12,215628.300,1274539.925,397514.400,0.000
2005,3_3,1,189170.008,1144486.217,287921.600,89552.000
2005,3_3,2,53650.242,734246.893,276688.717,32584.317
2005,3_3,3,17873.567,389710.500,94661.933,5923.617
2005,3_3,4,302191.500,609032.417,119332.350,85620.925
2005,3_3,5,566882.700,529679.025,134480.094,101351.542
2005,3_3,6,223242.833,570100.767,111463.733,48549.867
2005,3_3,7,16648.117,565199.012,155695.737,11420.833
2005,3_3,8,133583.767,277569.200,80061.500,0.000
2005,3_3,9,24289.875,864753.600,432319.033,15702.050
2005,3_3,10,268376.000,1881668.550,1085437.533,59169.417
2005,3_3,11,124488.600,1464225.500,729023.667,47835.800
2005,3_3,12,117656.933,1554561.417,949412.425,76691.283
2005,3_4,1,448399.875,1091461.617,382909.233,124966.125
2005,3_4,2,377553.342,1203838.925,377053.792,125926.721
2005,3_4,3,22133.850,394308.750,91607.083,0.000
2005,3_4,4,51575.600,196947.900,52656.300,0.000
2005,3_4,5,227907.900,49005.225,4863.908,0.000
2005,3_4,6,291542.000,308625.800,0.000,0.000
2005,3_4,7,392177.033,390394.667,0.000,0.000
2005,3_4,8,209518.967,648788.100,108081.600,18475.575
2005,3_4,9,312455.600,827547.667,300788.600,0.000
2005,3_4,10,14295.733,64330.800,7147.867,0.000
2005,3_4,11,126060.583,463969.325,0.000,0.000
2005,3_4,12,105938.083,508502.800,10620.783,0.000
2005,3_5,1,4363.550,60015.000,12911.533,184677.225
2005,3_5,2,0.000,39462.675,0.000,276238.725
2005,3_5,3,292670.733,258901.033,50654.550,92866.675
2005,3_5,4,677180.667,76030.096,23240.379,415086.062
2005,3_5,5,1457533.321,116764.887,60133.312,368329.825
2005,3_5,6,1093635.029,169857.254,25663.337,1057149.675
2005,3_5,7,891426.025,403529.950,102281.675,925658.100
2005,3_5,8,276565.000,599562.917,164132.917,164509.167
2005,3_5,9,168739.933,1649132.033,777118.558,75574.875
2005,3_5,10,107577.875,2508467.938,1609390.483,125507.521
2005,3_5,11,49820.867,3273096.100,2048675.650,25066.367
2005,3_5,12,332454.500,3055123.733,1737697.533,205131.500
2006,2_3,1,16362.600,367756.250,198672.917,8181.300
2006,2_3,2,7579.767,159759.467,62709.100,2111.292
2006,2_3,3,36329.500,302100.067,50612.400,25430.650
2006,2_3,4,82975.567,1372753.817,371110.850,31636.417
2006,2_3,5,17894.533,1362799.900,176863.867,70794.800
2006,2_3,6,56953.400,201588.483,52588.300,8426.517
2006,2_3,7,599558.333,809524.867,134548.000,245818.917
2006,2_3,8,544347.283,732335.375,234872.617,274763.500
2006,2_3,9,150716.425,157349.833,95088.717,46394.075
2006,2_3,10,20280.483,83114.667,57123.767,2880.308
2006,2_3,11,17495.200,253680.400,96223.600,16665.667
2006,2_3,12,73057.600,289008.500,74727.600,41515.333
2006,2_4,1,19993.000,585077.721,285395.900,0.000
2006,2_4,2,399906.367,282229.917,84380.133,12288.925
2006,2_4,3,25609.200,207827.800,149726.200,0.000
2006,2_4,4,6802.950,231983.567,103992.633,0.000
2006,2_4,5,11970.125,291251.283,113812.000,0.000
2006,2_4,6,0.000,246848.350,103517.050,0.000
2006,2_4,7,526040.075,304062.125,125637.050,23363.246
2006,2_4,8,2690316.250,504131.333,213286.333,371292.967
2006,2_4,9,212907.350,1221415.850,255359.800,0.000
2006,2_4,10,100375.650,2119041.500,665408.400,11152.850
2006,2_4,11,60771.433,1872323.250,876390.450,26044.900
2006,2_4,12,43274.167,222065.550,77027.200,0.000
2006,3_1,1,2491.000,34874.000,12455.000,0.000
2006,3_1,2,17377.500,24825.000,4965.000,0.000
2006,3_1,3,29901.158,28002.117,15462.983,1838.683
2006,3_1,4,6361.308,23112.033,9332.800,0.000
2006,3_1,5,5633.067,18556.975,5615.208,1123.042
2006,3_1,6,0.000,15866.067,6671.842,3384.983
2006,3_1,7,5658.042,14947.933,8643.000,0.000
2006,3_2,1,171533.583,1368626.000,717348.800,0.000
2006,3_2,2,283360.300,1622829.833,713760.300,0.000
2006,3_2,3,388246.100,744675.800,22994.267,0.000
2006,3_2,4,178438.267,354014.675,28971.525,18192.308
2006,3_2,5,206565.667,253331.520,40967.500,30984.850
2006,3_2,6,355295.850,615594.000,77248.417,47609.375
2006,3_2,7,517549.833,231500.967,49710.000,42843.258
2006,3_2,8,987967.883,294324.814,106590.050,57355.958
2006,3_2,9,1878957.317,184281.433,91898.883,467126.917
2006,3_2,10,1432515.450,879243.446,249139.600,378718.950
2006,3_2,11,1030084.917,989466.127,239177.583,88203.425
2006,3_2,12,300932.800,964096.650,97018.200,77906.800
2006,3_3,1,124248.925,527443.766,90731.550,126013.129
2006,3_3,2,59546.667,1182604.533,297733.333,113515.800
2006,3_3,3,11712.600,291519.633,38682.767,11885.400
2006,3_3,4,27944.021,179080.517,27937.317,4580.944
2006,3_3,5,27455.888,238233.617,67326.892,15253.271
2006,3_3,6,16739.667,108581.875,73048.903,1666.133
2006,3_3,7,10873.783,46513.250,19632.450,0.000
2006,3_3,8,58992.900,59789.000,27262.800,3186.000
2006,3_3,9,164759.717,265454.283,53498.400,40247.912
2006,3_3,10,173211.237,337989.567,84507.533,40929.533
2006,3_3,11,377399.100,725767.500,135476.600,106445.900
2006,3_3,12,580894.117,789635.167,315348.933,20175.533
2006,3_4,1,148555.867,486025.267,0.000,0.000
2006,3_4,2,67146.733,590216.000,63211.800,0.000
2006,3_4,3,63317.200,142463.700,10500.950,0.000
2006,3_4,4,150240.125,154193.812,11861.062,0.000
2006,3_4,5,309430.500,79348.000,9918.500,0.000
2006,3_4,6,301640.433,307939.667,0.000,0.000
2006,3_4,7,291876.125,328308.133,19545.683,0.000
2006,3_4,8,625620.067,597724.600,45197.417,0.000
2006,3_4,9,3238484.800,1434917.867,66844.000,0.000
2006,3_4,10,20837.458,267062.175,5595.383,0.000
2006,3_4,11,81887.200,109500.517,0.000,0.000
2006,3_4,12,10344.750,30725.325,0.000,5229.417
2006,3_5,1,0.000,2302779.400,1168122.333,7067.933
2006,3_5,2,49451.792,501184.583,291459.167,0.000
2006,3_5,3,9481.033,95843.500,28753.050,4740.517
2006,3_5,4,95812.000,57487.200,9581.200,25845.133
2006,3_5,5,28724.800,25832.933,19374.700,19374.700
2006,3_5,6,58023.300,19341.100,19341.100,12894.067
2006,3_5,7,9736.267,108951.500,38616.667,28770.933
2006,3_5,8,573869.367,754498.200,209681.600,20294.667
2006,3_5,9,1710614.850,1535350.983,380037.467,427290.283
2006,3_5,10,528279.121,1800312.679,840422.979,98596.617
2006,3_5,11,15905.417,296536.033,190493.350,10827.750
2006,3_5,12,0.000,36096.567,26702.633,0.000
2007,2_3,1,121047.058,224433.567,55598.467,40416.000
2007,2_3,2,166007.625,457962.633,115014.583,129190.758
2007,2_3,3,120181.550,548121.608,153682.483,35791.800
2007,2_3,4,49029.900,602362.833,284787.200,15436.533
2007,2_3,5,81044.583,488718.333,112433.550,4273.092
2007,2_3,6,87261.425,372504.492,86098.292,17385.183
2007,2_3,7,45296.500,298685.400,43714.333,7645.650
2007,2_3,8,21590.308,228710.083,99793.875,42023.125
2007,2_3,9,27012.350,246627.117,38269.725,0.000
2007,2_3,10,36121.833,790067.987,437475.663,0.000
2007,2_3,11,61038.412,1614723.523,808314.121,8302.671
2007,2_3,12,90983.200,2229088.400,1449232.400,9980.720
2007,2_4,1,54876.000,187631.150,9127.575,0.000
2007,2_4,2,115226.283,328275.000,36749.350,0.000
2007,2_4,3,21836.967,56629.750,26401.800,0.000
2007,2_4,4,43340.267,104982.167,34343.467,0.000
2007,2_4,5,10395.400,205325.400,33644.250,0.000
2007,2_4,6,63847.125,303445.567,47853.825,0.000
2007,2_4,7,0.000,178211.483,14579.450,0.000
2007,2_4,8,56272.417,518879.425,165887.875,10017.992
2007,2_4,9,445360.250,1861578.133,967652.000,331651.250
2007,2_4,10,85842.125,1185177.367,483808.717,0.000
2007,2_4,11,95287.771,1716025.975,612925.800,0.000
2007,2_4,12,9127.633,702827.767,166150.967,0.000
2007,3_2,1,520773.600,403175.833,87124.500,43150.167
2007,3_2,2,346504.050,209757.767,81417.958,41287.750
2007,3_2,3,681309.450,82807.383,29651.183,21847.233
2007,3_2,4,254262.125,158631.500,70101.500,95112.438
2007,3_2,5,466580.800,113687.800,19164.033,9582.017
2007,3_2,6,282987.289,44498.933,9549.556,204677.225
2007,3_2,7,165157.300,32133.100,0.000,65544.300
2007,3_2,8,144152.350,33960.433,10853.400,15250.433
2007,3_2,9,63424.700,64724.700,9466.600,14199.900
2007,3_2,10,20505.133,117074.500,29607.550,71767.967
2007,3_2,11,167618.033,389878.600,86406.275,121239.933
2007,3_2,12,134912.633,1240109.733,296301.075,111889.600
2007,3_3,1,382737.725,586945.512,138219.300,22491.017
2007,3_3,2,97746.503,430655.491,71912.183,15943.833
2007,3_3,3,117741.642,158691.617,70330.833,6481.721
2007,3_3,4,143910.250,59282.500,9538.567,28615.700
2007,3_3,5,147426.083,192169.900,32176.408,14638.933
2007,3_3,6,60729.550,83518.125,16144.742,14472.000
2007,3_3,7,13429.825,25343.600,5726.067,9272.483
2007,3_3,8,15235.500,64642.300,12331.117,0.000
2007,3_3,9,21306.000,45473.400,20130.067,0.000
2007,3_3,10,32826.950,157337.267,32826.950,10043.117
2007,3_3,11,50723.500,138032.200,36894.600,20275.883
2007,3_3,12,110102.550,269117.950,58593.300,54191.925
2007,3_4,1,81801.467,102251.833,0.000,0.000
2007,3_4,2,412291.800,107520.750,0.000,0.000
2007,3_4,3,224420.533,289781.533,0.000,0.000
2007,3_4,4,209131.300,368469.433,30522.800,0.000
2007,3_4,5,307071.533,537854.600,42775.533,0.000
2007,3_4,6,469514.286,480677.778,0.000,9390.286
2007,3_4,7,743931.867,458314.233,204618.700,462486.200
2007,3_4,8,582120.000,460937.500,172596.200,0.000
2007,3_4,9,215794.733,630335.100,204076.008,199558.050
2007,3_4,10,84796.800,911440.100,348190.600,46252.800
2007,3_4,11,99720.413,1392211.954,824641.029,52659.129
2007,3_4,12,70884.917,1216713.200,713989.175,66601.950
2007,3_5,1,0.000,59438.650,34413.000,0.000
2007,3_5,2,3377.767,84436.500,37527.333,0.000
2007,3_5,3,37715.800,37509.067,9377.267,65640.867
2007,3_5,4,90621.967,71982.217,7826.383,84699.275
2007,3_5,5,84352.517,75085.817,14100.517,205530.417
2007,3_5,6,56176.000,288646.167,102989.333,32507.000
2007,3_5,7,6258.400,90853.233,28027.200,37369.600
2007,3_5,8,130841.200,573209.067,230529.733,50784.525
2007,3_5,9,659995.333,1962464.000,549022.667,88616.733
2007,3_5,10,571312.333,7327701.667,4491011.733,101039.200
2007,3_5,11,347335.367,5384559.467,2624914.667,0.000
2007,3_5,12,369802.483,3149042.975,2041773.500,6785.367
2008,2_3,1,61766.267,442213.680,212656.230,29368.212
2008,2_3,2,40754.905,434936.250,182259.000,0.000
2008,2_3,3,18206.238,196610.923,97700.867,13315.050
2008,2_3,4,105829.000,202838.917,35614.250,17638.167
2008,2_3,5,122192.500,244055.000,52297.500,34865.000
2008,2_3,6,26201.150,288212.650,61136.017,0.000
2008,2_3,7,0.000,80841.000,32336.400,0.000
2008,2_3,8,19061.956,108698.488,75844.006,5291.913
2008,2_3,9,42105.500,142520.417,72477.300,59307.033
2008,2_3,10,228944.100,362758.033,52032.750,27750.800
2008,2_3,11,163579.862,319815.725,91267.469,63098.564
2008,2_3,12,104973.419,129906.669,86604.446,25547.350
2008,2_4,1,0.000,387385.800,178306.133,0.000
2008,2_4,2,0.000,452024.458,107428.958,0.000
2008,2_4,3,0.000,149679.467,71524.250,0.000
2008,2_4,4,21003.367,142248.867,48930.875,0.000
2008,2_4,5,5240.225,170258.317,56757.442,0.000
2008,2_4,6,1596.517,180330.233,60682.008,0.000
2008,2_4,7,0.000,120655.383,46405.917,0.000
2008,2_4,8,0.000,198948.267,88157.633,0.000
2008,2_4,9,5590.942,419706.125,258747.583,0.000
2008,2_4,10,11164.633,368371.583,285431.933,5498.083
2008,2_4,11,22883.200,971914.667,331806.400,0.000
2008,2_4,12,0.000,684783.592,354808.900,0.000
2008,3_2,1,175497.517,733295.917,331094.508,79828.375
2008,3_2,2,102063.167,583241.083,224649.433,23489.542
2008,3_2,3,131469.100,500556.000,135567.250,19499.900
2008,3_2,4,98575.200,157871.700,20047.200,13445.875
2008,3_2,5,99001.667,239282.400,62459.567,14240.133
2008,3_2,6,144041.300,252741.150,78626.800,0.000
2008,3_2,7,156052.317,146831.700,36977.717,74434.517
2008,3_2,8,414926.267,301709.975,80569.233,41871.492
2008,3_2,9,401599.100,406279.392,72605.092,52560.150
2008,3_2,10,325881.233,273439.450,72644.575,42024.783
2008,3_2,11,286651.767,491695.425,178338.567,30472.967
2008,3_2,12,343966.800,1032369.592,417282.358,154098.358
2008,3_3,1,134441.350,320018.783,118424.983,99135.200
2008,3_3,2,156516.583,292120.683,83456.700,32695.500
2008,3_3,3,9770.733,91395.583,28892.825,5458.350
2008,3_3,4,20473.467,30710.200,9411.717,0.000
2008,3_3,5,24654.400,19252.467,9210.367,9626.233
2008,3_3,6,15822.658,42340.000,583.150,27201.692
2008,3_3,7,0.000,45200.600,3049.367,0.000
2008,3_3,8,4656.050,41141.200,24323.433,0.000
2008,3_3,9,15981.800,86888.667,26066.600,0.000
2008,3_3,10,101831.083,385486.400,109062.483,6247.567
2008,3_3,11,361574.500,263590.800,56249.583,67044.950
2008,3_3,12,1578136.575,300098.533,98836.100,81809.462
2008,3_4,1,11381.775,1651361.025,1103231.804,54482.729
2008,3_4,2,28882.300,1137729.200,664514.400,65764.800
2008,3_4,3,26257.667,1125810.808,760240.067,43655.200
2008,3_4,4,29884.904,435636.100,244500.400,4409.883
2008,3_4,5,0.000,210578.042,100025.762,16067.950
2008,3_4,6,81368.400,260044.800,0.000,65011.200
2008,3_4,7,297432.008,245164.975,55970.200,144034.208
2008,3_4,8,468658.400,369839.283,68646.917,657145.542
2008,3_4,9,998954.975,735741.158,165122.058,949256.642
2008,3_4,10,1404313.483,607131.217,191222.133,622260.517
2008,3_4,11,379112.300,352032.850,157497.900,17499.767
2008,3_4,12,441829.733,182917.000,95813.667,130655.000
2008,3_5,1,21903.123,400216.183,104647.650,0.000
2008,3_5,2,29671.500,61350.300,20450.100,0.000
2008,3_5,3,33367.200,108819.200,47608.400,20403.600
2008,3_5,4,84435.375,119124.617,43888.017,6832.400
2008,3_5,5,293044.300,27146.867,5745.967,0.000
2008,3_5,6,90730.517,12526.100,0.000,0.000
2008,3_5,7,29863.500,18992.933,5742.100,0.000
2008,3_5,8,16927.917,28659.325,5736.517,0.000
2008,3_5,9,73832.400,87762.900,27833.400,0.000
2008,3_5,10,62054.833,145561.542,79463.592,12009.308
2008,3_5,11,3364.125,11931.200,5711.383,0.000
2008,3_5,12,239251.367,0.000,0.000,0.000
2009,2_3,1,207842.500,157924.233,63152.850,137786.000
2009,2_3,2,183003.480,131076.267,35584.010,107445.483
2009,2_3,3,71775.750,323835.795,104630.006,124942.972
2009,2_3,4,111005.441,282425.144,74337.242,18295.454
2009,2_3,5,15753.832,177344.700,81674.600,26256.386
2009,2_3,6,21225.715,124728.841,28444.546,18679.009
2009,2_3,7,24832.600,56528.933,42396.700,6776.683
2009,2_3,8,60623.267,128954.000,17193.867,8115.480
2009,2_3,9,16020.662,54164.236,18072.642,3813.103
2009,2_3,10,20640.070,64516.005,25316.785,16995.345
2009,2_3,11,33318.333,59973.000,23322.833,21630.290
2009,2_3,12,46494.290,39908.900,29496.750,31851.429
2009,2_4,1,77208.133,794600.583,265903.283,74734.800
2009,2_4,2,63897.900,1024187.267,395158.867,0.000
2009,2_4,3,0.000,446230.385,76537.890,0.000
2009,2_4,4,0.000,76467.038,16474.721,0.000
2009,2_4,5,10055.033,91965.683,7726.667,0.000
2009,2_4,6,0.000,111922.600,33275.950,2665.983
2009,2_4,7,65544.067,142508.267,26720.300,0.000
2009,2_4,8,0.000,624760.200,173544.500,0.000
2009,2_4,9,74797.217,808510.558,250081.867,13222.755
2009,2_4,10,156823.733,1279968.167,402871.000,0.000
2009,2_4,11,0.000,1575841.808,774157.200,0.000
2009,2_4,12,241731.500,1765528.800,754567.200,0.000
2009,3_1,3,0.000,17030.325,11353.550,13033.846
2009,3_1,4,0.000,83946.710,45376.600,0.000
2009,3_1,5,0.000,3510.383,1755.192,0.000
2009,3_1,6,0.000,72954.700,14965.067,0.000
2009,3_1,9,0.000,161839.375,71209.325,103577.200
2009,3_1,10,0.000,371915.750,284596.400,352511.450
2009,3_1,12,0.000,1052274.467,338255.617,35803.333
2009,3_2,1,494951.983,1157284.100,450759.167,277059.200
2009,3_2,2,234586.500,832116.333,294110.083,31278.200
2009,3_2,3,19635.267,287462.933,95156.233,6978.940
2009,3_2,4,63677.250,71359.200,38496.375,34236.583
2009,3_2,5,279169.167,101632.533,44509.000,33400.600
2009,3_2,6,283247.833,245434.400,39273.583,16759.350
2009,3_2,7,799675.800,454159.433,94030.400,155884.800
2009,3_2,8,1517155.383,397693.633,180317.867,155729.067
2009,3_2,9,418089.733,1183406.533,41053.324,248019.333
2009,3_2,10,1077324.283,480604.292,111177.325,123439.056
2009,3_2,11,309171.783,394359.200,81191.600,29919.850
2009,3_2,12,493826.987,202273.000,74822.271,12473.883
2009,3_3,1,634757.800,262553.983,69646.400,42347.417
2009,3_3,2,47900.750,277092.083,57671.000,15098.000
2009,3_3,3,23161.333,90215.600,20072.017,6048.086
2009,3_3,4,23997.800,21939.350,121.500,4548.117
2009,3_3,5,34571.858,15325.383,0.000,5658.125
2009,3_3,6,57521.183,16195.167,2302.633,9080.567
2009,3_3,7,0.000,11146.533,1565.886,0.000
2009,3_3,8,10117.950,33385.900,14557.117,0.000
2009,3_3,9,44814.275,156537.417,23014.767,0.000
2009,3_3,10,125818.467,464737.000,164445.400,7653.583
2009,3_3,11,207285.692,358856.800,205045.592,95439.217
2009,3_3,12,118588.100,249921.650,61154.917,16893.833
2009,3_4,1,359982.667,512975.300,252908.033,278378.133
2009,3_4,2,245783.292,398296.250,191826.392,317738.233
2009,3_4,3,108471.767,293454.150,97305.633,194611.267
2009,3_4,4,243516.933,861268.800,448577.500,21742.583
2009,3_4,5,304005.600,466541.117,134464.767,34649.867
2009,3_4,6,223686.667,138990.533,0.000,243233.433
2009,3_4,7,1057489.900,277374.400,7505.833,0.000
2009,3_4,8,930619.800,214104.800,137869.600,465309.900
2009,3_4,9,314113.167,670021.800,243394.200,415713.496
2009,3_4,10,318736.500,1972720.500,1154343.000,97807.050
2009,3_4,11,130781.250,1803222.367,1295393.633,62190.683
2009,3_4,12,301386.200,1369057.200,619335.400,88643.000
2009,3_5,1,234597.325,254882.142,86620.892,14706.550
2009,3_5,2,182723.458,239060.350,39051.333,48814.167
2009,3_5,3,56319.667,122698.833,19492.200,204668.100
2009,3_5,4,9674.775,194594.567,51626.900,703829.725
2009,3_5,5,5167.117,313806.050,128218.175,17150.158
2009,3_5,6,63268.075,249010.075,109955.408,8860.450
2009,3_5,7,19370.917,881444.667,488801.133,0.000
2009,3_5,8,404290.383,980358.150,514014.000,48143.917
2009,3_5,9,258984.567,190830.733,299876.867,54523.067
2009,3_5,10,210730.833,2095182.000,385143.750,0.000
2009,3_5,11,208922.667,513779.700,122328.500,114173.267
2009,3_5,12,387166.475,1331088.200,273964.267,79070.333
2010,2_3,1,35891.110,218192.039,107932.458,47892.032
2010,2_3,2,68764.083,115428.708,39864.057,110651.183
2010,2_3,3,249011.163,219492.042,74174.219,33070.929
2010,2_3,4,33100.175,101280.009,19071.717,46841.162
2010,2_3,5,5487.471,24427.677,5807.117,2714.186
2010,2_3,6,12701.869,40858.759,15348.274,19873.681
2010,2_3,7,0.000,42072.708,4473.950,0.000
2010,2_3,8,2780.762,52402.189,25670.808,14006.933
2010,2_3,9,7913.633,30473.733,7913.633,9376.533
2010,2_3,10,3302.918,94971.042,30054.712,3376.750
2010,2_3,11,4682.482,51288.871,18572.132,9841.661
2010,2_3,12,6025.706,66554.850,24142.125,5275.216
2010,2_4,1,94953.905,2010126.111,985292.000,0.000
2010,2_4,2,16066.367,769478.079,302126.362,0.000
2010,2_4,3,0.000,229485.470,118368.334,0.000
2010,2_4,4,0.000,157240.800,94623.333,0.000
2010,2_4,5,19833.254,208162.098,47174.921,0.000
2010,2_4,6,7359.015,213411.446,98899.333,19075.241
2010,2_4,7,0.000,214506.450,75223.873,0.000
2010,2_4,8,94380.550,334621.950,151460.500,15832.400
2010,2_4,9,208108.667,645098.652,295946.517,312737.467
2010,2_4,10,0.000,1489096.889,734878.984,0.000
2010,2_4,11,229482.917,2513526.296,1002923.525,38865.850
2010,2_4,12,0.000,255657.250,150286.950,0.000
2010,3_1,1,0.000,0.000,0.000,0.000
2010,3_1,2,0.000,55612.321,0.000,0.000
2010,3_1,3,0.000,6638.400,0.000,0.000
2010,3_1,4,18479.871,14215.286,0.000,0.000
2010,3_1,5,41818.213,82990.663,33133.627,0.000
2010,3_1,6,0.000,8618.190,2508.845,1812.349
2010,3_1,7,0.000,0.000,0.000,22641.850
2010,3_1,8,0.000,48456.536,21536.238,16152.179
2010,3_1,9,0.000,30117.067,0.000,15058.533
2010,3_1,10,7522.933,135412.800,15045.867,7522.933
2010,3_1,11,423.942,23778.533,6520.158,423.942
2010,3_1,12,1911.839,36325.850,6604.700,0.000
2010,3_2,1,616830.000,263748.000,76572.000,124692.567
2010,3_2,2,817029.279,117895.675,7517.650,423297.971
2010,3_2,3,265590.133,199192.600,28421.500,142107.500
2010,3_2,4,312509.467,95134.050,15855.675,164478.667
2010,3_2,5,485454.200,207729.494,35208.389,274323.400
2010,3_2,6,677376.675,323964.246,36554.133,353320.500
2010,3_2,7,319459.000,513572.111,90435.200,210799.333
2010,3_2,8,259065.333,415347.167,143483.567,101948.850
2010,3_2,9,80477.752,1136104.817,437746.250,7665.333
2010,3_2,10,292021.833,1740705.308,875423.825,63043.875
2010,3_2,11,65413.350,973129.125,383028.100,46221.700
2010,3_2,12,13190.996,281820.633,132797.388,0.000
2010,3_3,1,13964.000,90766.000,50575.600,2232.083
2010,3_3,2,13947.467,35168.850,12688.800,4200.886
2010,3_3,3,73109.075,92892.500,24427.258,22631.454
2010,3_3,4,109944.020,42907.500,2971.460,32723.357
2010,3_3,5,861401.383,158110.100,17165.733,166006.583
2010,3_3,6,72750.867,161950.675,11307.917,44562.092
2010,3_3,7,23844.000,84578.512,7808.200,8027.727
2010,3_3,8,8941.583,75132.817,27367.425,0.000
2010,3_3,9,19341.400,149026.513,63941.050,0.000
2010,3_3,10,8855.725,129722.792,43773.023,2479.562
2010,3_3,11,73997.667,104695.400,47685.000,1315.950
2010,3_3,12,87998.225,166391.283,61136.558,30824.150
2010,3_4,1,195167.900,1182524.433,478070.233,74489.033
2010,3_4,2,66984.000,1046625.000,393531.000,137786.000
2010,3_4,3,280219.683,1454896.500,489219.583,88969.833
2010,3_4,4,0.000,530249.417,194973.983,22896.271
2010,3_4,5,30809.575,49801.992,16333.717,10829.625
2010,3_4,6,132556.267,57840.767,8802.683,26408.050
2010,3_4,7,1688932.900,162582.071,8487.100,661993.800
2010,3_4,8,419038.950,153873.833,17943.855,132286.933
2010,3_4,9,156458.033,857886.267,181161.933,139988.767
2010,3_4,10,64190.000,1496626.600,490090.000,76358.500
2010,3_4,11,42205.050,1282786.200,362855.967,32826.150
2010,3_4,12,0.000,223732.467,92125.133,13160.733
2010,3_5,1,88342.833,2217250.875,852054.000,10203.700
2010,3_5,2,18281.917,1100043.325,609862.342,3254.767
2010,3_5,3,38997.500,718624.800,299427.000,5698.767
2010,3_5,4,40642.133,104897.867,30481.600,0.000
2010,3_5,5,276635.100,141190.233,9107.433,19759.650
2010,3_5,6,173461.017,267587.117,74272.400,39368.867
2010,3_5,7,283611.067,526706.267,364642.800,16061.067
2010,3_5,8,306687.708,508529.042,204091.125,82439.875
2010,3_5,9,603764.700,1677995.400,729222.300,94093.200
2010,3_5,10,642010.800,2090449.800,1158751.200,31317.600
2010,3_5,11,565277.463,2717313.862,1273980.775,32665.463
2010,3_5,12,7624.683,285645.550,77201.500,0.000
2011,2_3,1,23691.229,75698.742,38309.825,4119.467
2011,2_3,2,33094.575,105291.450,42896.517,8222.750
2011,2_3,3,32044.562,146654.700,48347.433,22327.682
2011,2_3,4,67713.375,63967.563,13707.335,12681.375
2011,2_3,5,118465.575,165217.197,19972.235,32797.281
2011,2_3,6,52610.133,247933.125,62609.375,12140.800
2011,2_3,7,51192.611,308659.904,125180.950,36753.600
2011,2_3,8,330362.658,691221.656,294497.357,12306.750
2011,2_3,9,18673.075,254620.467,71555.733,0.000
2011,2_3,10,24993.200,147017.763,90713.087,4124.708
2011,2_3,11,57486.100,161984.550,54037.200,20530.750
2011,2_3,12,17781.000,113516.392,65507.517,16380.733
2011,2_4,1,10042.308,113165.110,50695.234,0.000
2011,2_4,2,21389.183,126218.842,61508.300,0.000
2011,2_4,3,40678.773,232547.970,97267.023,3894.067
2011,2_4,4,0.000,232719.417,116359.708,1198.371
2011,2_4,5,7145.733,299754.619,53593.000,0.000
2011,2_4,6,3083.396,226124.054,87382.938,2900.051
2011,2_4,7,0.000,228677.672,67471.597,15445.200
2011,2_4,8,6721.984,196199.333,76565.683,0.000
2011,2_4,9,0.000,302277.117,121802.200,4809.426
2011,2_4,10,10791.396,373883.208,169961.754,0.000
2011,2_4,11,16024.533,275243.100,110514.275,8012.267
2011,2_4,12,36113.200,356818.250,135026.833,49582.714
2011,3_1,1,0.000,13617.750,0.000,0.000
2011,3_1,2,0.000,27088.600,0.000,0.000
2011,3_1,3,0.000,22667.675,3320.650,11442.025
2011,3_1,4,0.000,19915.852,0.000,4095.600
2011,3_1,5,0.000,15784.590,0.000,5368.675
2011,3_1,6,25466.533,6366.633,0.000,0.000
2011,3_1,7,0.000,4602.667,0.000,0.000
2011,3_1,8,0.000,6986.933,0.000,0.000
2011,3_1,9,0.000,6246.150,0.000,0.000
2011,3_1,10,0.000,8022.800,4225.579,0.000
2011,3_1,11,0.000,9532.933,1922.800,0.000
2011,3_1,12,0.000,6591.600,1464.800,0.000
2011,3_2,1,9492.842,93227.167,30007.145,0.000
2011,3_2,2,20202.900,129049.267,41657.250,5888.188
2011,3_2,3,97750.575,116905.960,59871.167,21131.000
2011,3_2,4,141684.779,100116.242,39157.921,23117.442
2011,3_2,5,479461.450,229564.175,72962.769,295748.542
2011,3_2,6,194003.558,359815.742,137351.658,240735.212
2011,3_2,7,91497.775,290585.200,148052.983,65485.312
2011,3_2,8,1836915.700,819007.000,186619.650,1428165.917
2011,3_2,9,1625296.961,551752.778,192653.854,656727.700
2011,3_2,10,320800.417,386067.171,140395.608,247929.175
2011,3_2,11,52653.205,101490.546,47837.483,87949.842
2011,3_2,12,139325.846,273721.540,44670.300,193448.139
2011,3_3,1,85400.071,189546.500,51493.383,7617.350
2011,3_3,2,8657.583,49514.925,14902.392,11004.533
2011,3_3,3,24819.892,45697.363,4531.913,5464.988
2011,3_3,4,124143.000,36168.590,10768.700,8090.755
2011,3_3,5,452914.275,106119.467,9149.783,78044.850
2011,3_3,6,230486.000,34586.100,8197.125,60637.467
2011,3_3,7,22589.958,45179.917,10906.700,22589.958
2011,3_3,8,21291.875,51057.767,21881.900,345.775
2011,3_3,9,9513.075,99994.142,35662.896,4433.250
2011,3_3,10,57652.175,150553.783,61737.667,6361.950
2011,3_3,11,164828.300,160980.900,76651.121,50751.339
2011,3_3,12,217145.092,563750.200,179520.000,36960.867
2011,3_4,1,13456.700,500140.683,164380.883,42612.883
2011,3_4,2,0.000,0.000,0.000,0.000
2011,3_4,3,17524.208,93280.900,7773.408,45562.942
2011,3_4,4,0.000,0.000,0.000,0.000
2011,3_4,5,196659.292,52313.100,0.000,36665.292
2011,3_4,6,293970.660,180508.300,36101.660,154116.443
2011,3_4,7,362975.340,221172.467,51039.800,405220.417
2011,3_4,8,2075997.000,836989.267,337328.250,197714.000
2011,3_4,9,750416.100,1325202.900,262388.555,789389.295
2011,3_4,10,384264.075,1822791.125,919606.333,220048.658
2011,3_4,11,459794.179,938474.792,382250.367,106995.637
2011,3_4,12,64115.183,171399.880,38807.520,69690.417
2011,3_5,1,17603.700,323772.200,78755.400,0.000
2011,3_5,2,22069.400,91337.400,68407.800,14712.933
2011,3_5,3,173993.800,64404.875,41202.025,3592.220
2011,3_5,4,309412.000,94643.504,38161.154,13449.621
2011,3_5,5,160143.708,176912.533,95220.583,50482.900
2011,3_5,6,34585.200,164279.700,112401.900,11625.650
2011,3_5,7,40364.133,363656.233,162484.700,76312.833
2011,3_5,8,339795.900,1240846.133,614695.133,258709.783
2011,3_5,9,83125.200,3570744.125,2143513.300,37383.225
2011,3_5,10,605538.833,3759173.933,2068592.133,48381.383
2011,3_5,11,37744.312,1756062.292,1038983.292,0.000
2011,3_5,12,0.000,1331805.250,771417.725,5256.275
2012,2_3,1,81560.167,85960.050,53871.067,52715.357
2012,2_3,2,79171.800,92056.917,32488.533,14726.730
2012,2_3,3,108945.887,223237.562,48796.092,9531.879
2012,2_3,4,64836.400,321066.783,63677.133,34176.225
2012,2_3,5,68874.667,210509.033,53518.867,9152.567
2012,2_3,6,24429.200,99776.600,0.000,25459.100
2012,2_3,7,61716.000,365203.667,91402.483,0.000
2012,2_3,8,23011.025,217461.387,132318.538,9780.200
2012,2_3,9,60973.617,95815.683,35905.217,31981.083
2012,2_3,10,13294.767,120967.733,45362.900,15120.967
2012,2_3,11,0.000,101588.167,39852.400,8726.483
2012,2_3,12,61397.933,80910.133,26544.133,45099.800
2012,2_4,1,0.000,344863.200,166568.000,0.000
2012,2_4,2,0.000,185299.400,71510.680,3763.720
2012,2_4,3,10784.575,437398.500,165683.133,4742.833
2012,2_4,4,29351.733,154859.200,109966.725,7337.933
2012,2_4,5,2002.283,112328.611,41967.600,0.000
2012,2_4,7,1878.000,80836.533,13676.217,0.000
2012,2_4,8,0.000,70688.250,32987.850,0.000
2012,2_4,9,139224.105,517884.160,286557.699,98729.340
2012,2_4,10,200199.075,1397597.650,651065.767,78000.792
2012,2_4,11,727995.375,926252.529,435429.983,21570.233
2012,2_4,12,9751.502,661467.850,239479.733,0.000
2012,3_1,1,0.000,9086.000,4774.650,0.000
2012,3_1,2,0.000,6661.500,4441.000,8882.000
2012,3_1,3,0.000,10189.287,6645.188,1926.968
2012,3_1,4,0.000,16417.196,9230.958,667.529
2012,3_1,5,0.000,29944.525,0.000,0.000
2012,3_1,6,0.000,0.000,0.000,0.000
2012,3_1,7,0.000,5314.387,4133.412,0.000
2012,3_1,9,0.000,20625.267,10312.633,0.000
2012,3_1,10,0.000,20589.267,15441.950,5147.317
2012,3_1,12,0.000,0.000,0.000,0.000
2012,3_2,1,249293.667,108697.167,33079.597,317564.129
2012,3_2,2,356222.667,270408.887,135894.675,355921.300
2012,3_2,3,547066.648,481494.350,189850.992,275903.681
2012,3_2,4,627119.167,567500.000,171373.667,395960.258
2012,3_2,5,112564.008,779067.217,263555.325,104638.883
2012,3_2,6,128816.600,52697.700,0.000,0.000
2012,3_2,7,105173.567,284133.208,149815.692,13191.975
2012,3_2,8,474677.067,149626.467,56754.867,61914.400
2012,3_2,9,425827.042,935580.783,492281.267,157285.458
2012,3_2,10,328237.583,1331706.767,625353.825,333121.267
2012,3_2,11,180492.000,1371739.200,869736.000,143836.700
2012,3_2,12,552202.275,1647469.237,845997.325,32436.438
2012,3_3,1,37792.533,218190.556,50558.900,0.000
2012,3_3,2,112157.900,112157.900,57858.000,23591.200
2012,3_3,3,31311.828,78241.012,17233.121,27811.606
2012,3_3,4,86102.493,89855.125,22436.004,10404.850
2012,3_3,5,684578.495,58491.988,9271.708,66423.463
2012,3_3,6,86175.833,34615.350,14968.800,935.550
2012,3_3,7,0.000,193499.100,42999.800,0.000
2012,3_3,8,0.000,9767.583,0.000,0.000
2012,3_3,9,10753.314,119627.332,57834.177,0.000
2012,3_3,10,8624.100,162312.733,52171.950,0.000
2012,3_3,11,11643.867,121852.300,39043.050,0.000
2012,3_3,12,107682.040,129921.775,57736.500,25201.630
2012,3_4,1,189209.745,441091.371,86300.486,92749.875
2012,3_4,2,25235.000,41213.900,37852.500,0.000
2012,3_4,3,64627.467,307112.716,82393.930,32391.461
2012,3_4,4,81420.475,346677.583,87292.917,29419.400
2012,3_4,5,94973.896,104282.763,23310.708,144266.533
2012,3_4,7,1070123.774,681697.764,121299.912,359225.822
2012,3_4,8,1020783.575,1107718.688,601868.675,650517.725
2012,3_4,9,675185.075,2082037.417,1275075.250,1005435.825
2012,3_4,10,278956.958,1873861.192,1165882.725,123796.658
2012,3_4,11,37295.825,868037.450,429473.567,6374.900
2012,3_4,12,28062.200,57847.200,28923.600,0.000
2012,3_5,1,0.000,547910.917,318784.533,0.000
2012,3_5,2,49876.029,447611.967,235250.200,15750.325
2012,3_5,3,413503.627,501263.131,165843.991,60198.457
2012,3_5,4,272371.929,753217.829,259294.588,74036.350
2012,3_5,5,148010.855,1145756.150,505084.850,22815.500
2012,3_5,6,0.000,166139.333,149525.400,66455.733
2012,3_5,7,0.000,1599256.867,695768.200,66117.400
2012,3_5,8,52484.733,2717077.467,1475190.133,112640.983
2012,3_5,9,3097329.677,1508955.484,603582.194,508279.742
2012,3_5,10,211192.800,3890279.400,2504852.150,47370.100
2012,3_5,11,32738.714,5575403.043,3715844.071,3273.871
2012,3_5,12,1269469.333,7336015.917,3779967.200,1857734.208
2013,2_3,1,132578.667,60346.500,20115.500,19502.100
2013,2_3,2,216406.028,122498.996,20496.883,67817.432
2013,2_3,3,401469.792,268810.208,29542.545,178043.125
2013,2_3,4,502171.200,278984.000,81457.908,366166.500
2013,2_3,5,31106.300,88029.250,39875.000,30811.550
2013,2_3,6,25708.667,115689.000,46797.600,17063.367
2013,2_3,7,57859.083,97571.417,24435.350,24406.850
2013,2_3,8,2151453.768,201392.208,54973.213,737334.439
2013,2_3,9,169215.375,144226.325,64410.771,52431.200
2013,2_3,10,32961.267,84699.500,67759.600,11213.700
2013,2_3,11,27373.062,123366.754,56014.958,26128.783
2013,2_3,12,72703.375,157812.075,30792.600,16700.067
2013,2_4,1,67414.667,265721.333,132860.667,15630.667
2013,2_4,2,601258.333,485833.533,143558.571,96201.333
2013,2_4,3,301107.933,533646.733,292164.133,40930.917
2013,2_4,4,44661.375,134180.000,72457.200,0.000
2013,2_4,5,9671.083,96745.342,44423.208,0.000
2013,2_4,6,77039.833,785806.300,221983.692,34667.925
2013,2_4,7,40643.833,662954.250,385144.850,25255.400
2013,2_4,8,1754296.018,1864464.767,506316.014,1065354.049
2013,2_4,9,400972.467,4201782.617,1944382.567,556008.500
2013,2_4,10,632861.483,7293742.725,3162879.150,455974.733
2013,2_4,11,0.000,182050.050,84023.100,0.000
2013,2_4,12,0.000,225982.833,63614.160,0.000
2013,3_1,1,0.000,2280.142,1240.488,0.000
2013,3_1,3,0.000,4937.000,2468.500,0.000
2013,3_1,4,0.000,0.000,0.000,0.000
2013,3_1,5,0.000,1033.495,1033.495,0.000
2013,3_1,6,0.000,1186.410,1186.410,0.000
2013,3_1,7,0.000,0.000,0.000,0.000
2013,3_1,8,0.000,3589.413,0.000,0.000
2013,3_1,9,0.000,1792.850,0.000,0.000
2013,3_1,10,0.000,33486.616,2382.600,1427.610
2013,3_1,11,0.000,57304.883,14006.617,0.000
2013,3_1,12,0.000,143285.867,26866.100,0.000
2013,3_2,1,136061.550,1772809.650,802649.829,99971.263
2013,3_2,2,2192.025,356554.645,225712.298,9576.995
2013,3_2,3,0.000,166162.600,96199.400,17369.575
2013,3_2,4,201657.756,127152.542,59936.633,27009.322
2013,3_2,5,128316.242,40905.037,26649.283,11747.125
2013,3_2,6,34093.333,108501.050,0.000,633837.750
2013,3_2,7,1764339.167,178455.000,79679.833,2811559.833
2013,3_2,8,9698.933,124429.400,72583.817,77591.467
2013,3_2,9,46542.150,91525.850,52988.650,248224.800
2013,3_2,10,101796.850,100845.675,43219.575,1172730.000
2013,3_2,11,107915.500,764661.333,157711.400,1448394.800
2013,3_2,12,70682.479,1331632.467,735097.785,1179249.225
2013,3_3,1,125076.946,232100.208,73262.600,139473.451
2013,3_3,2,87666.000,166620.800,79631.700,73093.250
2013,3_3,3,62779.683,78545.717,36400.958,13237.867
2013,3_3,4,146168.950,111973.008,27548.975,0.000
2013,3_3,5,114330.933,71677.875,21437.050,17660.233
2013,3_3,6,68638.967,186505.900,41659.592,25548.308
2013,3_3,7,0.000,26801.183,9893.708,1221.450
2013,3_3,8,0.000,54290.933,6068.367,0.000
2013,3_3,9,24094.596,204372.900,55599.850,181.275
2013,3_3,10,28299.983,841708.050,348236.625,14416.658
2013,3_3,11,60057.708,661979.783,362310.583,17031.767
2013,3_3,12,209217.400,699441.833,270412.000,51145.100
2013,3_4,1,64404.300,90124.667,63087.267,18024.933
2013,3_4,2,219368.250,39605.083,19499.400,55447.117
2013,3_4,3,75217.367,55806.433,30126.640,45189.960
2013,3_4,4,84807.467,76856.767,47704.200,42403.733
2013,3_4,5,253624.385,112838.917,22567.783,87615.697
2013,3_4,6,257266.844,405413.400,135137.800,315321.533
2013,3_4,7,852760.525,509367.025,80125.150,312618.133
2013,3_4,8,1202730.833,887790.667,332921.500,388408.417
2013,3_4,9,2763185.122,3592899.722,492593.715,867897.048
2013,3_4,10,1523892.246,5693917.458,2663798.296,403575.675
2013,3_4,11,345715.989,5427350.336,2617277.931,275599.772
2013,3_4,12,0.000,1161034.200,602017.733,0.000
2013,3_5,1,515430.800,4593848.133,2517782.150,105332.317
2013,3_5,2,412772.225,2886155.400,1907852.725,322166.650
2013,3_5,3,300702.675,506508.325,304038.425,35644.517
2013,3_5,4,75810.533,87174.133,43949.596,16308.804
2013,3_5,5,258378.710,48750.700,0.000,138416.460
2013,3_5,6,153960.483,43621.750,17448.700,52346.100
2013,3_5,7,138148.267,1237940.475,523293.450,189953.867
2013,3_5,8,1264596.667,5114214.582,2081720.667,154933.800
2013,3_5,9,351890.700,5148243.333,3034549.467,256440.800
2013,3_5,10,60949.833,2405823.650,1327055.750,8126.644
2013,3_5,11,522981.000,9444205.700,3586086.000,135587.667
2013,3_5,12,208858.950,4362831.400,2177547.942,15078.650
2014,2_3,1,275201.667,144018.933,53436.533,41770.667
2014,2_3,2,381754.000,129928.500,77082.133,182149.167
2014,2_3,3,508041.417,192744.996,53385.592,248374.913
2014,2_3,4,306776.258,235099.825,57534.963,189121.013
2014,2_3,5,289456.533,369517.133,75526.608,266707.562
2014,2_3,6,546536.250,521311.500,88576.833,592781.625
2014,2_3,7,80797.817,404565.950,207445.467,145653.200
2014,2_3,8,75184.167,117414.333,78281.250,92810.471
2014,2_3,9,8866.671,51310.125,36712.750,23957.775
2014,2_3,10,0.000,19275.667,12416.692,0.000
2014,2_3,11,0.000,23212.233,16841.367,0.000
2014,2_3,12,0.000,17401.333,12212.825,0.000
2014,2_4,1,0.000,166113.267,88989.250,0.000
2014,2_4,2,36141.167,221958.850,29500.433,0.000
2014,2_4,3,28647.529,132825.071,29294.283,0.000
2014,2_4,4,2891.633,65135.600,26763.433,0.000
2014,2_4,5,571.460,39972.100,10239.688,1153.404
2014,2_4,6,8384.714,68341.600,39661.000,0.000
2014,2_4,7,381065.167,437995.642,120809.842,59946.850
2014,2_4,8,104651.000,1210731.200,592322.167,146041.900
2014,2_4,9,29630.067,2078337.533,1015888.000,29630.067
2014,2_4,10,4336.467,1214239.567,767080.683,0.000
2014,2_4,11,0.000,492910.600,246455.300,0.000
2014,2_4,12,2162.617,229881.130,135342.377,0.000
2014,3_1,1,0.000,35657.550,25752.675,0.000
2014,3_1,2,62279.467,47420.781,32103.095,0.000
2014,3_1,3,0.000,26099.150,9490.600,0.000
2014,3_1,4,0.000,0.000,0.000,0.000
2014,3_1,5,0.000,3679.600,0.000,0.000
2014,3_1,6,0.000,8140.935,1149.275,0.000
2014,3_1,7,0.000,23371.050,0.000,0.000
2014,3_1,8,0.000,7679.550,0.000,0.000
2014,3_1,9,0.000,520.071,0.000,0.000
2014,3_1,10,0.000,12194.090,9918.733,1137.679
2014,3_1,11,0.000,26816.483,3931.333,3931.333
2014,3_1,12,0.000,23468.500,7822.833,0.000
2014,3_2,1,350052.683,237979.000,195482.750,42496.250
2014,3_2,2,306830.333,332254.800,87949.800,136893.533
2014,3_2,3,91596.900,250939.433,110992.442,35464.042
2014,3_2,4,9399.033,131596.400,32899.100,18970.812
2014,3_2,5,194452.367,134864.229,41745.621,366116.500
2014,3_2,6,594977.320,215042.126,44088.158,673263.608
2014,3_2,7,198724.104,753589.121,403677.625,1146667.492
2014,3_2,8,18691.633,485714.250,205607.967,55304.917
2014,3_2,9,30516.707,129184.604,72505.713,36837.517
2014,3_2,10,125645.100,252097.466,145096.795,5479.550
2014,3_2,11,429649.500,582556.145,179407.233,147690.290
2014,3_2,12,20711.050,654732.325,312828.450,27860.950
2014,3_3,1,194625.300,702192.400,144584.700,35147.733
2014,3_3,2,47176.675,191622.000,71442.375,0.000
2014,3_3,3,4188.225,20197.050,20197.050,0.000
2014,3_3,4,56974.825,35163.417,5442.017,16737.987
2014,3_3,5,75964.943,25546.088,6926.643,3463.321
2014,3_3,6,153968.562,71213.217,12836.204,40257.679
2014,3_3,7,46260.100,76206.480,7892.517,9713.867
2014,3_3,8,53913.700,202407.000,32043.050,9885.467
2014,3_3,9,51178.092,266054.642,100973.867,9504.108
2014,3_3,10,20589.900,180494.333,108296.600,18049.433
2014,3_3,11,32155.567,158867.733,112535.670,6128.575
2014,3_3,12,55754.675,387543.425,173825.917,45027.417
2014,3_4,1,26660.875,187723.492,42931.742,26700.067
2014,3_4,2,0.000,40437.166,0.000,11838.386
2014,3_4,3,0.000,4563.693,4563.693,4563.693
2014,3_4,4,42967.350,35155.104,5734.625,8601.938
2014,3_4,5,90954.000,55583.000,15159.000,40424.000
2014,3_4,6,93149.333,149435.319,53539.917,55031.419
2014,3_4,7,379196.050,235882.825,104444.975,389207.117
2014,3_4,8,1306811.478,1526128.107,582709.213,1209157.709
2014,3_4,9,701491.117,4411855.900,1790372.850,337485.500
2014,3_4,10,121783.375,3946117.881,1617623.042,96909.233
2014,3_4,11,35317.333,1104631.000,341431.400,10042.100
2014,3_4,12,16158.300,2529613.229,1421701.750,76382.896
2014,3_5,1,288605.458,4776846.158,2817553.075,51360.350
2014,3_5,2,19280.208,2906193.038,1553367.383,29047.467
2014,3_5,3,0.000,754270.608,422422.857,0.000
2014,3_5,4,0.000,169125.400,121717.633,0.000
2014,3_5,5,12998.808,61185.867,56100.450,36015.554
2014,3_5,6,47860.250,78601.350,8733.483,8733.483
2014,3_5,7,25911.246,250310.954,133037.854,14296.125
2014,3_5,8,70251.363,433209.933,168841.975,17320.167
2014,3_5,9,71865.600,1634314.000,609964.392,23620.175
2014,3_5,10,4766.258,1477540.083,691107.458,4766.258
2014,3_5,11,248253.750,905000.225,507892.075,0.000
2014,3_5,12,22202.592,613444.650,334133.692,4957.008
2015,2_3,1,17305.067,29156.800,4326.267,12143.475
2015,2_3,2,39875.133,61572.225,21227.883,67135.650
2015,2_3,3,157702.219,254595.900,85547.425,85450.600
2015,2_3,4,73587.050,393907.150,173689.600,42056.333
2015,2_3,5,74792.933,424351.200,150084.483,110381.040
2015,2_3,6,42023.417,588327.833,260545.183,62866.875
2015,2_3,7,55232.833,474352.417,240449.550,57379.117
2015,2_3,8,119467.600,574982.750,318094.058,56080.250
2015,2_3,9,99469.500,3577222.150,1727207.025,66128.137
2015,2_3,10,9107.483,501714.033,236120.925,0.000
2015,2_3,11,4513.200,298819.683,171453.917,0.000
2015,2_3,12,4003.008,288216.595,242627.755,4003.008
2015,2_4,1,83185.121,614327.624,180778.967,9356.775
2015,2_4,2,592059.283,727811.075,225908.550,66000.000
2015,2_4,3,178673.833,656361.920,292777.778,47250.000
2015,2_4,4,0.000,420610.117,196837.330,71317.873
2015,2_4,5,16339.705,165121.984,59642.958,3129.250
2015,2_4,6,21840.600,715332.600,225197.300,2628.667
2015,2_4,7,21065.855,1535371.096,666621.278,10274.761
2015,2_4,8,0.000,709600.833,364410.767,0.000
2015,2_4,9,0.000,496175.625,242574.750,0.000
2015,2_4,10,8309.267,814308.133,506865.267,0.000
2015,2_4,11,0.000,682789.817,385711.200,0.000
2015,2_4,12,0.000,426993.233,297306.794,0.000
2015,3_1,1,15588.267,77941.333,0.000,15588.267
2015,3_1,2,0.000,23590.314,9554.131,7765.100
2015,3_1,3,56849.881,18081.208,7225.050,7239.917
2015,3_1,4,1749.725,8744.100,5249.175,1166.483
2015,3_1,5,30356.459,37945.574,9336.900,0.000
2015,3_1,6,1143.342,19217.613,6416.775,0.000
2015,3_1,7,5669.783,37263.017,5507.392,0.000
2015,3_1,8,23619.249,379282.332,110395.430,0.000
2015,3_1,9,0.000,971835.300,497915.617,1101.683
2015,3_1,10,0.000,586722.633,376230.142,0.000
2015,3_1,11,0.000,53241.277,36101.173,0.000
2015,3_1,12,3822.600,149081.400,89630.100,0.000
2015,3_2,1,305878.754,567395.567,277978.037,192214.892
2015,3_2,2,192173.100,251001.600,117657.000,133344.600
2015,3_2,3,347395.567,1062384.117,351435.050,670554.233
2015,3_2,4,576708.275,1120587.650,727804.350,188690.017
2015,3_2,5,6468.733,418674.933,237688.533,45281.133
2015,3_2,6,290344.425,259961.229,95766.383,43320.942
2015,3_2,7,246102.917,324669.600,63130.200,64166.667
2015,3_2,8,567017.050,475281.367,185314.733,146442.100
2015,3_2,9,394540.292,1265231.125,578894.658,427396.800
2015,3_2,10,157670.467,673575.367,333890.400,91553.933
2015,3_2,11,71536.800,263532.500,149335.083,142088.200
2015,3_2,12,19935.017,198562.407,52547.725,12946.017
2015,3_3,1,154821.625,362390.767,137873.050,17693.900
2015,3_3,2,227762.117,533542.608,239617.275,27015.967
2015,3_3,3,160939.933,486790.671,145236.933,42303.800
2015,3_3,4,267242.975,125761.400,41920.467,26200.292
2015,3_3,5,300579.817,189031.283,60754.317,157674.379
2015,3_3,6,288804.100,343269.850,80279.558,111078.500
2015,3_3,7,13223.083,142671.317,76454.183,5328.508
2015,3_3,8,8924.667,95719.958,55319.892,0.000
2015,3_3,9,7889.150,163629.300,53290.408,0.000
2015,3_3,10,66893.600,290441.783,150177.192,2394.277
2015,3_3,11,139704.408,300716.609,108376.805,23600.442
2015,3_3,12,251147.367,193045.600,64348.533,47509.733
2015,3_4,1,0.000,633054.000,257078.267,19215.867
2015,3_4,2,54604.174,139267.286,72212.667,0.000
2015,3_4,3,343104.113,190735.276,53801.626,8753.764
2015,3_4,4,392294.267,366911.805,118934.500,211811.433
2015,3_4,5,1324837.588,829294.337,335376.386,308101.765
2015,3_4,6,973478.783,1900445.483,1087634.367,217914.833
2015,3_4,7,458387.918,1028380.686,434459.503,336036.796
2015,3_4,8,456250.000,687500.000,165806.452,68750.000
2015,3_4,9,70940.467,161228.333,82155.867,33857.950
2015,3_4,10,43963.842,254771.646,77618.729,65586.258
2015,3_4,11,49464.567,505016.935,130959.733,3804.967
2015,3_4,12,37547.225,450110.258,253029.808,29400.600
2015,3_5,1,122930.504,1195360.272,361991.917,19131.900
2015,3_5,2,60923.333,1678350.042,787072.979,17293.325
2015,3_5,3,712667.150,3535017.850,1595241.700,24758.489
2015,3_5,4,1100316.200,3612708.312,1628016.863,340646.975
2015,3_5,5,325572.808,965145.408,381409.042,87825.383
2015,3_5,6,121144.133,1904815.064,1235034.086,35013.039
2015,3_5,7,30507.692,6746558.100,3935492.225,223716.867
2015,3_5,8,238919.084,6609250.450,4465824.933,25567.700
2015,3_5,9,289677.344,6693164.400,3363665.156,17039.844
2015,3_5,10,1108333.227,1892819.513,964933.791,3368.006
2015,3_5,11,115973.677,3315082.311,778817.779,4743.163
2015,3_5,12,9144.800,580694.800,333785.200,0.000
2016,2_3,1,18065.050,324869.275,149872.925,6449.483
2016,2_3,2,38150.175,436316.833,187789.583,51056.325
2016,2_3,3,16900.567,427012.763,287115.394,13991.361
2016,2_3,4,21670.502,271060.917,150279.264,5835.102
2016,2_3,5,18355.244,230068.500,144614.486,5779.289
2016,2_3,6,15783.089,287938.825,189389.034,20232.762
2016,2_3,7,34386.373,217103.550,110071.828,65447.931
2016,2_3,8,147724.749,225312.805,124705.344,80736.071
2016,2_3,9,23460.489,243122.600,148574.922,34040.000
2016,2_3,10,8445.956,107616.356,62507.208,20689.953
2016,2_3,11,0.000,73740.800,54613.811,2749.611
2016,2_3,12,11938.733,92812.633,68244.583,10253.320
2016,2_4,1,26938.238,563211.880,329345.825,13664.000
2016,2_4,2,0.000,908850.250,536354.262,0.000
2016,2_4,3,0.000,1211051.038,726691.300,0.000
2016,2_4,4,0.000,909433.200,572768.025,0.000
2016,2_4,5,0.000,514182.442,293211.475,0.000
2016,2_4,6,3823.100,233021.150,101268.450,26671.150
2016,2_4,7,62308.283,2421121.867,1183857.383,0.000
2016,2_4,9,0.000,7741640.692,4541375.215,14524.654
2016,2_4,10,4021.733,20108.667,8043.467,0.000
2016,2_4,11,0.000,12255.834,2557.300,0.000
2016,2_4,12,0.000,67614.587,3834.410,0.000
2016,3_1,1,0.000,136430.017,65991.983,3001.442
2016,3_1,2,7084.452,130111.125,55671.542,2235.975
2016,3_1,3,0.000,216928.810,64054.756,7112.420
2016,3_1,4,30414.904,145657.000,92249.433,0.000
2016,3_1,5,35860.268,403964.167,180640.748,56881.805
2016,3_1,6,0.000,482405.600,260120.667,9402.476
2016,3_1,7,0.000,31189.400,17974.275,0.000
2016,3_1,8,0.000,20365.300,6775.233,0.000
2016,3_1,9,5305.222,34519.933,14280.278,0.000
2016,3_1,10,0.000,11691.125,4676.450,0.000
2016,3_1,11,12412.400,156083.925,87830.350,8866.000
2016,3_1,12,1758.917,96076.557,50519.388,3354.768
2016,3_2,1,214352.178,328199.272,116918.978,135530.161
2016,3_2,2,191272.900,304074.867,94496.000,271676.000
2016,3_2,3,711726.040,248909.653,112757.233,778149.900
2016,3_2,4,485707.936,781205.965,342995.844,448006.225
2016,3_2,5,199172.292,341159.432,166689.767,42775.172
2016,3_2,6,31719.450,222036.150,96969.600,33900.167
2016,3_2,7,56342.000,116291.863,74613.910,54023.850
2016,3_2,8,4116.725,119481.350,52711.710,32658.006
2016,3_2,9,81003.300,76345.600,53475.567,6990.617
2016,3_2,10,147429.729,374192.600,197724.254,32024.049
2016,3_2,11,308655.883,1617385.764,503094.805,150458.533
2016,3_2,12,28967.706,1086239.025,625648.050,98256.133
2016,3_3,1,1018877.975,858591.858,241537.058,187898.800
2016,3_3,2,659293.458,853617.600,327252.050,128006.458
2016,3_3,3,186500.408,478733.450,153022.600,67338.242
2016,3_3,4,48406.208,187569.000,65763.961,25158.286
2016,3_3,5,682330.350,141973.520,47228.608,25866.694
2016,3_3,6,51861.233,123370.289,37860.792,44825.812
2016,3_3,7,8706.150,29265.250,15743.233,8547.867
2016,3_3,8,22641.093,181862.812,53232.492,15499.733
2016,3_3,9,7578.808,244237.046,146195.737,7327.371
2016,3_3,10,47643.750,231314.256,82265.225,8462.717
2016,3_3,11,159034.772,435754.323,190918.319,88499.654
2016,3_3,12,379474.083,785474.550,368245.730,88129.867
2016,3_4,1,109923.674,531791.900,156922.200,61025.300
2016,3_4,2,297151.370,268690.139,50194.861,94484.444
2016,3_4,3,175129.043,469511.250,157649.567,175029.731
2016,3_4,4,484696.960,196908.140,85468.573,123233.756
2016,3_4,5,873307.523,931543.559,305322.917,337268.278
2016,3_4,6,486100.900,522454.400,179593.700,234016.033
2016,3_4,7,1083840.675,431482.800,119184.892,214211.692
2016,3_4,8,221789.225,525539.700,179694.842,198460.025
2016,3_4,9,1474849.851,390870.783,167516.050,496162.800
2016,3_4,10,885005.278,911121.835,407484.444,211081.012
2016,3_4,11,399524.950,1320169.400,422127.892,289174.225
2016,3_4,12,85194.921,539548.567,217581.679,46646.875
2016,3_5,1,0.000,418091.700,249946.125,0.000
2016,3_5,2,206118.393,139289.231,73363.485,66337.512
2016,3_5,3,478738.270,202158.025,86764.050,155144.127
2016,3_5,4,1221434.265,298123.826,124372.099,510794.543
2016,3_5,5,409312.512,194789.646,96929.583,255586.707
2016,3_5,6,169082.200,513496.825,203394.896,85144.850
2016,3_5,7,27994.450,412451.563,235153.380,7526.535
2016,3_5,8,439079.967,860893.880,508710.020,5590.220
2016,3_5,9,760038.000,1905078.667,1068702.667,74344.533
2016,3_5,10,357496.242,5912616.413,3103717.371,153212.675
2016,3_5,11,665440.800,934524.590,637806.100,11092.280
2016,3_5,12,1214855.900,3205329.600,1424590.933,741323.358
2017,2_3,1,55427.167,366459.256,90237.007,13482.543
2017,2_3,2,42494.822,766758.978,253786.422,57863.619
2017,2_3,3,26978.286,457006.629,205055.064,14613.238
2017,2_3,4,24734.151,408069.283,153220.128,118398.956
2017,2_3,5,78119.615,813708.552,189433.806,86034.443
2017,2_3,6,0.000,333743.744,103706.500,0.000
2017,2_3,7,14729.944,392147.989,180002.356,17260.533
2017,2_3,8,231800.817,771595.664,269760.322,169781.314
2017,2_3,9,100536.219,644335.242,328481.242,178498.819
2017,2_3,10,9461.217,1274052.128,765035.733,4838.264
2017,2_3,11,2510.525,328976.744,250365.844,2510.525
2017,2_3,12,0.000,314425.822,260906.533,2506.150
2017,2_4,1,0.000,47296.400,12869.400,12480.400
2017,2_4,2,7700.533,61604.267,40797.909,0.000
2017,2_4,3,3841.450,49938.850,15365.800,0.000
2017,2_4,4,0.000,80561.425,30690.067,0.000
2017,2_4,5,0.000,62546.744,8184.817,0.000
2017,2_4,6,21856.921,82079.300,11988.900,0.000
2017,2_4,7,219546.950,192058.860,46344.450,41818.467
2017,2_4,8,61421.016,484660.400,225069.300,1744287.075
2017,2_4,9,166555.334,1648271.250,875274.043,250153.214
2017,2_4,10,112849.243,2749695.796,1461271.139,10385.350
2017,2_4,11,79940.483,2400074.550,1103460.570,0.000
2017,2_4,12,0.000,217840.455,188424.818,0.000
2017,3_1,1,0.000,233420.600,96276.950,2839.300
2017,3_1,2,12451.750,153220.267,57472.800,0.000
2017,3_1,3,2536.550,110974.062,66584.438,25027.275
2017,3_1,4,0.000,102346.358,0.000,47983.738
2017,3_1,5,699.643,38480.357,27286.071,0.000
2017,3_1,6,0.000,35872.240,3486.145,0.000
2017,3_1,7,0.000,35009.425,0.000,0.000
2017,3_1,8,0.000,55408.550,10005.008,0.000
2017,3_1,9,0.000,100237.583,30287.517,0.000
2017,3_1,10,81623.233,157866.058,121723.783,10728.000
2017,3_1,11,14114.308,73306.100,39022.892,43837.170
2017,3_1,12,23053.750,171852.450,87604.250,57284.150
2017,3_2,1,0.000,702358.911,345159.311,14522.000
2017,3_2,2,9407.654,144386.667,94345.629,6271.769
2017,3_2,3,26082.008,121111.500,48392.500,15307.512
2017,3_2,4,163568.234,163805.362,93167.141,41000.655
2017,3_2,5,291403.254,117201.901,48013.392,43948.108
2017,3_2,6,594227.792,253915.370,90149.473,312741.338
2017,3_2,7,782734.294,363686.875,175515.789,586575.244
2017,3_2,8,1580358.902,432072.351,154657.686,1571477.975
2017,3_2,9,642694.836,990222.633,365188.489,2429980.850
2017,3_2,10,867686.222,2653952.272,1222829.890,1309806.602
2017,3_2,11,1337334.583,2627201.007,1208570.758,700672.121
2017,3_2,12,5466.917,286029.857,137967.343,3480.094
2017,3_3,1,113883.340,485404.400,259272.300,135809.300
2017,3_3,2,20249.221,225643.128,94813.856,19381.173
2017,3_3,3,23063.700,124360.275,19132.350,11626.317
2017,3_3,4,40942.855,74533.889,26040.615,20758.694
2017,3_3,5,35918.733,76510.625,26384.760,26201.920
2017,3_3,6,86239.704,163075.083,56079.083,71821.660
2017,3_3,7,36837.969,131414.900,70610.272,35512.933
2017,3_3,8,9266.567,89576.811,44271.200,4101.015
2017,3_3,9,12263.085,74978.750,27095.285,3713.786
2017,3_3,10,28095.499,138167.242,40331.889,28338.525
2017,3_3,11,150308.615,241659.692,159705.536,24374.370
2017,3_3,12,163058.114,158173.600,117810.000,7908.680
2017,3_4,1,147745.894,1244526.000,587135.250,80690.500
2017,3_4,2,471484.617,1653744.791,714975.758,262984.703
2017,3_4,3,109520.633,1152347.533,540460.517,86212.500
2017,3_4,4,13412.870,204498.475,94282.497,7238.578
2017,3_4,5,33269.317,141832.350,80546.767,11785.017
2017,3_4,6,1507998.566,219318.800,60468.028,175547.520
2017,3_4,7,3451381.886,342690.400,115470.950,369106.036
2017,3_4,8,2659294.057,524626.100,253068.925,421275.458
2017,3_4,9,1465565.344,1591022.300,421991.578,626692.880
2017,3_4,10,500990.684,1025200.137,430343.911,312239.031
2017,3_4,11,396669.600,820818.000,288337.830,570012.500
2017,3_4,12,146933.704,612722.407,258230.497,82477.046
2017,3_5,1,1681447.395,2794236.151,1466144.416,650657.456
2017,3_5,2,1359904.811,1422245.482,626586.546,1072753.493
2017,3_5,3,360033.481,409720.574,144911.196,309884.770
2017,3_5,4,786430.425,266279.500,31327.000,205815.125
2017,3_5,5,2175639.400,553374.410,198966.080,452204.338
2017,3_5,6,2488408.670,675694.350,161507.430,2356690.050
2017,3_5,7,1201439.850,736164.163,262108.405,1016602.950
2017,3_5,8,2681593.269,1712245.320,429054.923,1220422.892
2017,3_5,9,553754.115,1850946.075,942299.820,915986.138
2017,3_5,10,538372.939,2137606.366,1043182.066,367340.149
2017,3_5,11,45410.775,277494.933,151173.100,27246.465
2017,3_5,12,247812.225,657084.850,291027.200,157038.263
2018,2_3,1,62273.889,720032.722,248983.278,22418.600
2018,2_3,2,109802.163,835227.600,390812.767,33276.000
2018,2_3,3,126829.119,1448585.390,639185.202,85786.950
2018,2_3,4,108408.783,2532141.095,1037749.333,111052.900
2018,2_3,5,124902.983,2852545.910,1326255.539,73476.825
2018,2_3,6,219053.660,4886981.346,2435971.533,80703.980
2018,2_3,7,1160566.167,3900725.650,1746067.854,168029.307
2018,2_3,8,4594499.283,4076108.536,1454765.700,1031273.260
2018,2_3,9,92086.857,1855891.767,1329404.000,0.000
2018,2_3,10,18153.762,1695121.553,1072147.906,0.000
2018,2_3,11,0.000,1143418.933,846804.292,2199.492
2018,2_3,12,0.000,268073.880,194413.940,3806.820
2018,2_4,1,3988.222,324639.517,253485.650,0.000
2018,2_4,2,65032.133,337968.033,294515.000,0.000
2018,2_4,3,15454.400,186703.638,125489.331,26704.500
2018,2_4,4,41035.150,364581.525,143623.025,0.000
2018,2_4,5,107621.748,197719.146,104200.505,48073.405
2018,2_4,6,340212.100,573268.158,273054.233,116195.661
2018,2_4,7,3526377.658,8571453.433,4054221.858,1455302.817
2018,2_4,8,111229.008,27921145.056,12066787.876,2750822.290
2018,2_4,9,0.000,10042222.700,5515922.000,0.000
2018,2_4,10,0.000,979585.923,616952.833,0.000
2018,2_4,11,0.000,6936.817,6936.817,0.000
2018,2_4,12,0.000,52991.097,27158.783,0.000
2018,3_1,1,63544.286,306027.300,110800.500,51550.800
2018,3_1,2,96713.226,186529.000,85865.733,10658.800
2018,3_1,3,4455.633,52988.400,15273.917,0.000
2018,3_1,4,0.000,22121.675,10946.750,0.000
2018,3_1,5,4315.067,10262.600,2908.114,4315.067
2018,3_1,6,0.000,16274.531,2169.938,0.000
2018,3_1,7,0.000,21226.950,15509.533,0.000
2018,3_1,8,0.000,36981.854,17473.795,0.000
2018,3_1,9,0.000,34442.800,25832.100,0.000
2018,3_1,10,0.000,74142.750,30348.750,0.000
2018,3_1,11,0.000,15770.833,9462.500,0.000
2018,3_2,1,7800.378,32816.875,27250.786,12541.940
2018,3_2,2,40182.660,39162.400,25302.433,236554.908
2018,3_2,3,186136.008,70966.665,24339.584,548586.090
2018,3_2,4,107591.217,140354.487,43788.062,385420.568
2018,3_2,5,84726.922,71692.011,19404.083,107538.017
2018,3_2,6,182538.225,66226.125,16340.619,146958.925
2018,3_2,7,680527.660,73951.758,38112.865,420624.400
2018,3_2,8,367249.496,298599.633,106547.725,1208288.874
2018,3_2,9,196298.047,488330.550,237578.268,425917.925
2018,3_2,10,317125.854,389909.020,225586.403,192874.560
2018,3_2,11,200545.736,251808.213,167608.530,50774.535
2018,3_2,12,140964.718,367329.128,199975.294,171576.634
2018,3_3,1,472889.567,101995.789,27817.033,29527.333
2018,3_3,2,261660.720,145042.917,11239.050,117415.694
2018,3_3,3,94700.937,314493.180,100054.950,37786.610
2018,3_3,4,100490.400,105875.505,37294.250,46058.100
2018,3_3,5,108318.390,70088.370,24420.800,32111.322
2018,3_3,6,81294.453,77390.250,21589.133,20323.613
2018,3_3,7,26513.212,59871.000,11783.650,4791.717
2018,3_3,8,3520.045,37164.800,10560.135,2322.800
2018,3_3,9,908.933,28560.798,10934.737,0.000
2018,3_3,10,53678.100,98662.667,28241.100,5765.525
2018,3_3,11,62494.311,187041.667,45051.240,46760.417
2018,3_3,12,209580.933,269198.846,70721.731,254117.596
2018,3_4,1,76071.942,243677.159,97415.224,48083.189
2018,3_4,2,80397.110,47353.441,4153.267,0.000
2018,3_4,3,107131.494,129960.917,34599.912,39204.557
2018,3_4,4,142861.250,195088.000,26011.733,51430.050
2018,3_4,5,303581.154,347742.510,181231.983,222454.229
2018,3_4,6,2497568.977,628816.754,223094.000,411131.733
2018,3_4,7,3439499.969,1153312.108,496723.503,1096920.401
2018,3_4,8,2794213.659,1913366.018,893551.643,1615277.000
2018,3_4,9,510712.657,1395321.327,610969.740,320263.929
2018,3_4,10,469735.260,438625.786,160980.925,311154.333
2018,3_4,11,247188.846,269291.100,101342.902,88966.719
2018,3_4,12,260605.037,286415.377,88604.913,132983.754
2018,3_5,1,333527.753,792752.358,328881.783,162360.342
2018,3_5,2,205186.800,784106.700,464113.000,214765.550
2018,3_5,3,68492.778,360221.278,162353.252,208015.104
2018,3_5,4,223710.709,143425.300,12078.729,120787.292
2018,3_5,5,94792.047,397277.250,130867.800,125140.167
2018,3_5,6,228807.085,429212.830,181529.524,195149.869
2018,3_5,7,331145.329,443653.521,149705.142,52000.854
2018,3_5,8,229747.525,233201.858,136540.929,5075.575
2018,3_5,9,2929705.474,186370.644,24490.093,457275.028
2018,3_5,10,1299510.437,677310.305,163496.633,493817.385
2018,3_5,11,1798343.750,988972.800,60424.350,592353.500
2018,3_5,12,547102.889,198214.678,61514.900,862553.707
2019,2_3,1,3420.095,814594.648,489073.597,4372.802
2019,2_3,2,7614.514,2538.171,0.000,3736.440
2019,2_3,3,42731.800,10103.492,0.000,8811.544
2019,2_3,4,124140.133,66677.371,8698.700,33856.400
2019,2_3,5,29677.083,50411.500,8401.917,8855.644
2019,2_3,6,47518.204,31207.312,16631.567,32047.161
2019,2_3,7,699442.394,71433.307,18102.222,55291.889
2019,2_3,8,211335.500,126090.929,61457.519,187987.704
2019,2_3,9,254851.838,713527.467,304060.000,103371.820
2019,2_3,10,129696.211,1018701.128,563221.272,44697.787
2019,2_3,11,20126.322,1147200.367,776301.000,16473.333
2019,2_3,12,126319.717,603880.081,350847.900,43645.829
2019,2_4,1,0.000,36843.515,1958.147,0.000
2019,2_4,2,15700.867,52760.600,52318.880,69383.083
2019,2_4,3,22173.400,291848.500,72028.864,24361.867
2019,2_4,4,58647.600,167161.867,51172.000,13032.800
2019,2_4,5,44247.660,135078.519,60445.671,10410.053
2019,2_4,6,216243.683,471518.889,100056.550,6360.108
2019,2_4,7,416145.864,1522533.558,680386.808,138723.560
2019,2_4,8,1895672.575,3816313.050,1740223.988,105304.375
2019,2_4,9,382993.065,5986356.200,3212088.492,0.000
2019,2_4,10,93991.725,8281715.325,4756593.124,0.000
2019,2_4,11,0.000,3339501.905,2340159.802,0.000
2019,2_4,12,16464.400,1568376.041,1070538.300,0.000
2019,3_1,3,20701.587,10350.794,0.000,23289.286
2019,3_1,4,64469.044,8329.305,0.000,2543.756
2019,3_1,5,92186.667,23683.760,0.000,15789.174
2019,3_1,6,66375.200,6262.133,1565.533,48525.984
2019,3_1,7,127499.067,21768.133,3320.750,6641.500
2019,3_1,8,0.000,16611.625,3916.492,8364.539
2019,3_1,9,3307.000,111193.200,35256.349,0.000
2019,3_1,10,8667.467,119296.286,72800.081,13001.200
2019,3_1,11,13941.841,237405.125,97563.750,39025.500
2019,3_1,12,61460.156,640069.971,363282.957,201452.734
2019,3_2,1,285450.969,545553.123,237322.544,49742.425
2019,3_2,2,104551.106,622828.854,254305.830,41532.311
2019,3_2,3,152967.296,448175.712,197494.518,44364.828
2019,3_2,4,327664.208,210251.720,88900.254,57846.531
2019,3_2,5,106905.197,292702.200,131858.856,52262.515
2019,3_2,6,140211.675,292560.875,126871.067,72991.433
2019,3_2,7,106950.287,206925.556,111883.750,110056.210
2019,3_2,8,794800.005,428458.667,166312.909,300869.362
2019,3_2,9,160566.392,961306.952,332599.529,295724.810
2019,3_2,10,23550.177,1352057.236,847806.382,209805.417
2019,3_2,11,27757.450,540383.006,163687.050,72759.633
2019,3_2,12,108424.617,386289.140,134920.200,235108.280
2019,3_3,1,377459.279,234495.000,76388.523,776925.300
2019,3_3,2,185368.528,236163.466,89827.425,279522.674
2019,3_3,3,338689.554,274946.946,105876.715,504642.975
2019,3_3,4,137108.000,133499.555,39264.575,297067.333
2019,3_3,5,79091.405,146550.104,47146.057,150984.386
2019,3_3,6,129495.750,166121.408,65498.229,58278.080
2019,3_3,7,33127.050,71201.588,24092.400,15822.575
2019,3_3,8,8299.846,100138.740,40311.500,4479.125
2019,3_3,9,18897.093,125880.551,61295.685,13510.633
2019,3_3,10,58588.887,220624.545,82785.207,10302.690
2019,3_3,11,45355.433,168699.417,84369.167,24315.720
2019,3_3,12,76860.905,95480.537,49903.690,40304.305
2019,3_4,1,534444.429,273395.850,112162.400,71963.062
2019,3_4,2,496604.787,724416.414,287932.694,144892.995
2019,3_4,3,147221.400,194422.719,90368.990,69198.533
2019,3_4,4,175999.744,121692.667,45634.750,9263.144
2019,3_4,5,491413.827,367545.500,124965.470,89955.030
2019,3_4,6,1688810.246,377745.067,97113.750,243074.287
2019,3_4,7,5836561.167,349174.183,142728.133,353396.200
2019,3_4,8,4163968.431,1038346.246,409803.717,900155.939
2019,3_4,9,1227964.317,775015.967,424606.342,238480.325
2019,3_4,10,453864.283,860845.686,363572.429,131355.200
2019,3_4,11,61224.333,460317.217,244109.527,41519.217
2019,3_4,12,174073.922,302434.125,92066.469,37301.789
2019,3_5,1,589405.230,469229.198,198343.835,1182913.647
2019,3_5,2,253778.201,201489.626,26003.658,342166.241
2019,3_5,3,439143.428,364078.333,119580.833,212670.678
2019,3_5,4,1316024.619,460214.689,170588.886,454311.619
2019,3_5,5,838526.229,224144.119,47768.419,106292.057
2019,3_5,6,3921613.267,283363.833,91848.967,330304.333
2019,3_5,7,3399961.964,838771.717,384015.967,285978.109
2019,3_5,8,4448203.326,2891975.263,1291858.762,63748.137
2019,3_5,9,2170426.514,2061478.125,443867.812,52001.250
2019,3_5,10,1710838.812,5533329.473,3048288.635,111057.000
2019,3_5,11,593903.246,1814079.342,1266595.275,6055.833
2019,3_5,12,6793.325,622721.458,446095.008,8805.467
2020,2_3,1,120881.693,298504.988,168389.401,33071.974
2020,2_3,2,57616.778,380210.027,149001.227,19070.562
2020,2_3,3,219294.813,534259.183,175783.921,38087.176
2020,2_3,4,132822.550,552648.600,229602.800,82763.800
2020,2_3,5,95628.831,774273.705,347291.137,135406.625
2020,2_3,6,264782.812,1501826.128,546335.478,164444.062
2020,2_3,7,99458.850,989856.000,665126.226,40463.953
2020,2_3,8,37193.917,677620.119,437995.008,13764.454
2020,2_3,9,37964.759,911403.623,451213.656,3844.787
2020,2_3,10,81938.442,338299.021,174536.438,29905.750
2020,2_3,11,100678.482,82953.220,3950.153,60783.714
2020,2_3,12,298190.925,112830.046,27610.271,107198.924
2020,2_4,1,34327.200,897340.694,715721.806,0.000
2020,2_4,2,117047.368,825848.553,331318.688,14689.006
2020,2_4,3,274325.247,1399837.504,523236.342,31665.783
2020,2_4,4,220290.127,522641.152,322142.726,16554.562
2020,2_4,5,55270.872,824064.360,309711.996,7494.356
2020,2_4,6,33085.061,996586.404,544266.872,1248.493
2020,2_4,7,60309.900,355321.250,157475.850,0.000
2020,2_4,8,57428.700,100566.310,16703.920,0.000
2020,2_4,10,557372.625,0.000,0.000,306008.500
2020,2_4,11,726114.640,31234.160,3904.270,222543.390
2020,2_4,12,1021994.723,81382.898,10479.525,487493.442
2020,3_1,1,33536.125,269638.125,127210.700,13947.400
2020,3_1,2,2954.350,76022.700,38011.350,9706.425
2020,3_1,3,4210.183,59940.920,28418.737,4210.183
2020,3_1,4,10796.950,71566.733,38775.906,2752.567
2020,3_1,5,31891.664,203881.071,82237.743,41497.917
2020,3_1,6,7017.637,187221.480,102406.380,3602.971
2020,3_1,7,4959.579,57631.131,30998.581,815.858
2020,3_1,8,0.000,56368.000,36991.500,0.000
2020,3_2,1,418220.312,693949.736,345587.147,112195.036
2020,3_2,2,344760.851,746069.738,350873.604,362590.320
2020,3_2,3,105035.813,671740.667,312664.747,54084.800
2020,3_2,4,173774.857,658817.647,223448.985,26504.100
2020,3_2,5,89012.971,493467.482,169915.111,80679.470
2020,3_2,6,270873.264,769057.790,360280.044,143474.291
2020,3_2,7,451174.900,913901.527,341650.800,85518.250
2020,3_2,8,762965.786,917165.669,537077.614,110538.127
2020,3_2,9,178722.360,2241184.909,1054288.451,120657.511
2020,3_2,10,62307.354,1393570.783,818629.451,28887.798
2020,3_2,11,180123.295,1708954.964,859168.032,42148.682
2020,3_2,12,282038.830,1138993.571,581287.189,153741.492
2020,3_3,1,359564.741,181520.981,70905.979,311652.924
2020,3_3,2,351303.715,316660.655,84822.275,305215.828
2020,3_3,3,41194.200,117871.200,52952.016,36570.902
2020,3_3,4,19885.800,66472.000,26138.531,17897.220
2020,3_3,5,84035.280,43249.700,12467.517,63704.625
2020,3_3,6,266378.509,126762.618,26555.136,167705.458
2020,3_3,7,25409.700,101828.600,25409.700,28148.600
2020,3_3,8,7984.352,36203.112,11425.213,9624.330
2020,3_3,9,6063.701,136342.169,29927.110,3207.525
2020,3_3,10,24434.900,201587.925,108537.688,11515.533
2020,3_3,11,316156.265,153824.280,67184.050,35645.910
2020,3_3,12,598894.691,233157.065,90588.430,242460.834
2020,3_4,1,233644.283,868946.717,448912.050,202141.683
2020,3_4,2,191901.150,699005.070,322286.318,131073.277
2020,3_4,3,150033.792,247516.096,63646.996,32630.300
2020,3_4,4,233316.114,382677.153,245532.740,84505.633
2020,3_4,5,464276.473,545254.927,210543.982,167854.717
2020,3_4,6,2532420.380,819827.335,318011.315,466805.600
2020,3_4,7,6868760.231,826736.867,307306.796,911042.271
2020,3_4,8,13786116.019,2634044.062,591425.281,2731490.100
2020,3_4,9,2740147.057,3681621.000,1254478.267,657977.100
2020,3_4,10,419418.347,2363149.854,1319085.802,91362.247
2020,3_4,11,138549.626,875655.386,428131.465,60820.461
2020,3_4,12,619185.246,778112.008,367259.038,225405.358
2020,3_5,1,82732.125,621436.979,451954.167,6779.312
2020,3_5,2,60833.475,521683.276,338454.961,57829.535
2020,3_5,3,1007258.056,577997.400,285264.867,480384.611
2020,3_5,4,1464285.413,858080.167,432241.875,724535.518
2020,3_5,5,1265305.982,1165398.167,386478.000,751503.960
2020,3_5,6,336053.143,162934.857,35642.000,89192.400
2020,3_5,7,41207.923,217164.968,83053.323,53887.285
2020,3_5,8,61133.613,501230.256,245938.535,76665.512
2020,3_5,9,642798.327,710173.667,345393.107,143937.773
2020,3_5,10,2914219.281,1946428.150,995425.809,377550.989
2020,3_5,11,904689.000,1540608.350,737322.550,387241.283
2020,3_5,12,1556413.553,2715405.703,1156964.649,504122.406
2021,2_3,1,282154.303,240513.867,81915.766,171889.244
2021,2_3,2,335353.156,654440.000,236447.156,659106.305
2021,2_3,3,221808.067,210304.800,113915.100,44564.178
2021,2_3,4,729637.946,319892.144,111776.026,396974.589
2021,2_3,5,590470.152,416801.378,152891.191,463150.164
2021,2_3,6,196984.258,642388.719,270998.053,258627.983
2021,2_3,7,813755.004,1229300.841,428354.314,241415.008
2021,2_3,8,776634.944,1002254.500,566792.200,358012.820
2021,2_3,9,204314.460,1282559.926,759437.059,212443.343
2021,2_3,10,49976.558,1096146.448,724307.118,13091.102
2021,2_3,11,106220.100,738283.323,411253.125,62772.139
2021,2_3,12,83309.854,1396893.131,570483.783,51258.675
2021,2_4,1,1754.492,116208.250,43465.700,0.000
2021,2_4,2,43608.169,130687.697,22703.093,141503.100
2021,2_4,3,194359.200,247431.133,41487.908,564140.490
2021,2_4,4,161327.534,178594.880,63779.098,225814.465
2021,2_4,5,27396.216,165630.165,45441.434,25798.000
2021,2_4,6,2222.167,92903.523,35526.405,2222.167
2021,2_4,7,57378.150,278382.504,108886.697,76096.696
2021,2_4,8,39454.720,1804091.000,806534.800,37958.750
2021,2_4,9,677795.300,5973052.800,3024250.240,298566.044
2021,2_4,10,172466.468,1173773.982,443002.105,32182.133
2021,2_4,11,5138.756,1050681.792,545508.403,0.000
2021,2_4,12,35094.850,950417.500,500723.200,0.000
2021,3_1,5,9523.683,1545.625,0.000,6682.367
2021,3_1,6,0.000,6137.600,0.000,0.000
2021,3_1,7,4677.975,19177.750,0.000,0.000
2021,3_1,8,0.000,15267.933,7633.967,0.000
2021,3_1,9,24465.750,318780.000,193545.000,5692.500
2021,3_1,10,13982.850,666483.700,330116.850,0.000
2021,3_1,11,0.000,81037.000,34667.000,0.000
2021,3_1,12,31223.475,25943.400,17295.600,0.000
2021,3_2,1,397095.900,1054506.900,505503.833,135807.000
2021,3_2,2,655899.834,844964.398,254542.119,283224.350
2021,3_2,3,530936.944,899893.125,350958.319,295574.271
2021,3_2,4,65579.700,280909.475,131334.300,77045.400
2021,3_2,5,1000705.629,645105.714,224371.665,526697.999
2021,3_2,6,416203.117,272179.147,104121.168,173212.674
2021,3_2,7,1192996.615,788187.385,239226.150,334562.923
2021,3_2,8,3413794.167,1231767.992,483806.542,1390252.083
2021,3_2,9,3216560.407,1705107.593,636458.395,1032130.955
2021,3_2,10,1962655.117,909452.931,277509.572,633633.278
2021,3_2,11,1434346.594,1549211.006,556855.537,994440.094
2021,3_2,12,448833.272,1228638.373,599945.014,460334.604
2021,3_3,1,672704.109,614355.950,181701.213,1136741.261
2021,3_3,2,109005.961,770498.023,293195.811,279455.455
2021,3_3,3,7777.337,315420.365,134806.909,37402.732
2021,3_3,4,31949.795,268701.562,100052.673,18452.975
2021,3_3,5,342918.262,429750.189,145802.837,86539.293
2021,3_3,6,97290.150,333228.360,114717.960,43702.080
2021,3_3,7,78425.315,495453.538,191043.500,37637.574
2021,3_3,8,3289.733,442563.147,258244.067,1432.250
2021,3_3,9,9761.915,407736.967,192524.368,4579.364
2021,3_3,10,15638.257,518972.400,252398.603,14913.000
2021,3_3,11,59736.500,339901.535,183659.850,39110.521
2021,3_3,12,238735.214,419346.638,207023.177,103940.607
2021,3_4,1,768133.810,1066992.181,359255.756,175315.908
2021,3_4,2,1055517.733,1657859.125,491356.438,169568.733
2021,3_4,3,1464175.224,1647426.331,603280.562,548456.989
2021,3_4,4,219617.206,1486777.971,775706.389,118840.309
2021,3_4,5,21722.400,688749.285,289122.750,15927.038
2021,3_4,6,287240.460,894606.653,448872.812,81613.238
2021,3_4,7,1368644.977,1496635.560,660166.905,174406.334
2021,3_4,8,2902901.404,3335473.874,1463401.913,610860.425
2021,3_4,9,5636276.250,5427146.125,2250445.681,1370659.604
2021,3_4,10,3818453.120,4524136.715,1947899.681,1058712.640
2021,3_4,11,628117.000,2534160.800,1149081.782,441781.057
2021,3_4,12,218072.956,927523.891,374459.858,111999.520
2021,3_5,1,629373.148,1252806.644,529933.052,190923.902
2021,3_5,2,1150702.422,1986408.272,930678.709,367005.868
2021,3_5,3,975311.975,572594.346,168173.492,466246.558
2021,3_5,4,1600154.030,1168673.560,323126.630,335163.500
2021,3_5,5,402823.920,864682.380,232665.540,181733.780
2021,3_5,6,734413.312,837582.556,186480.644,325068.188
2021,3_5,7,94511.455,847977.773,357043.273,103700.068
2021,3_5,8,23491.634,179293.916,94492.739,9691.563
2021,3_5,9,86669.247,150226.696,65483.431,3851.967
2021,3_5,10,606202.343,312723.431,93817.029,38489.038
2021,3_5,11,1829406.211,547094.197,167007.702,520219.395
2021,3_5,12,2010234.500,792106.350,359469.950,645773.450
2022,2_3,1,117367.143,2020590.132,873660.794,62258.700
2022,2_3,2,73944.675,998888.368,393101.443,16432.150
2022,2_3,3,349997.790,1387119.400,426196.571,95811.483
2022,2_3,4,268499.571,1288249.693,592137.921,227939.665
2022,2_3,5,224595.879,578694.200,255365.688,92907.772
2022,2_3,6,124733.458,437726.188,159269.538,70946.650
2022,2_3,7,24912.763,239150.805,129093.410,101364.606
2022,2_3,8,251762.014,341868.900,94421.178,376126.382
2022,2_3,9,172326.103,251044.742,104546.953,879458.028
2022,2_3,10,29437.767,201690.692,102060.350,77923.500
2022,2_3,11,22036.930,209979.848,108911.632,11122.203
2022,2_3,12,27487.244,176773.542,113335.576,12253.813
2022,2_4,1,83699.100,878840.550,440295.440,86144.760
2022,2_4,2,38313.825,876901.338,361566.800,44273.486
2022,2_4,3,139690.415,592579.167,332368.898,251769.700
2022,2_4,4,65410.310,536357.175,282049.894,174372.343
2022,2_4,5,62158.150,641475.946,289598.345,65037.315
2022,2_4,6,10740.017,230458.600,82448.188,10330.763
2022,2_4,7,0.000,513798.450,263175.740,4480.650
2022,2_4,8,143249.050,3989025.000,1815006.375,266842.767
2022,2_4,9,0.000,1825649.280,1064943.920,0.000
2022,2_4,10,7889.480,800782.220,444897.514,0.000
2022,2_4,11,0.000,754487.950,450569.960,0.000
2022,2_4,12,0.000,338568.190,167236.537,2143.625
2022,3_1,1,46279.000,76689.700,24217.800,11538.250
2022,3_1,2,124702.900,161155.000,48346.500,41096.367
2022,3_1,3,99750.000,284573.750,54650.240,26018.171
2022,3_1,4,22717.750,248673.700,116263.029,2271.775
2022,3_1,5,4801.371,185555.850,111576.067,1800.780
2022,3_1,6,0.000,89365.500,52271.638,2088.100
2022,3_1,7,0.000,50691.000,32445.000,0.000
2022,3_1,8,0.000,72282.350,41304.200,0.000
2022,3_1,9,0.000,39627.000,16309.200,0.000
2022,3_1,10,0.000,21526.625,13207.600,0.000
2022,3_2,1,233229.013,1037110.080,501649.387,309131.947
2022,3_2,2,20379.648,740609.839,335256.404,5374.852
2022,3_2,3,465.557,181567.159,121044.773,0.000
2022,3_2,4,356502.400,154163.200,70658.133,35329.067
2022,3_2,5,107213.958,312040.625,168021.875,14401.875
2022,3_2,6,574033.929,293442.718,150469.715,141902.044
2022,3_2,7,96751.333,105675.000,43209.333,87358.000
2022,3_2,8,32900.783,108538.667,36462.208,28152.217
2022,3_2,9,620861.629,8045612.514,3227537.729,150838.400
2022,3_2,10,1743042.680,1964123.580,1289970.980,179255.620
2022,3_2,11,337407.484,851477.072,418574.910,44302.344
2022,3_2,12,317967.314,926366.187,455676.318,156218.605
2022,3_3,1,859602.767,638461.540,275826.125,417189.638
2022,3_3,2,482841.867,758742.823,330188.223,188382.750
2022,3_3,3,10660.263,452905.819,199811.391,28383.890
2022,3_3,4,23380.067,302922.539,83391.240,14377.800
2022,3_3,5,65119.765,279336.005,94621.075,121804.780
2022,3_3,6,30709.668,440796.588,186995.630,84681.568
2022,3_3,7,20923.891,563768.761,164878.575,31155.356
2022,3_3,8,12165.981,380828.867,163585.119,22284.108
2022,3_3,9,1630.551,338877.935,145225.170,8609.283
2022,3_3,10,9800.367,212720.100,112120.555,6729.538
2022,3_3,11,28847.011,242153.794,123808.884,2250.048
2022,3_3,12,4436.367,219676.100,150304.700,20233.325
2022,3_4,1,316058.129,1143975.932,456138.053,135536.673
2022,3_4,2,397682.214,1055299.934,545368.554,130358.602
2022,3_4,3,36740.200,797667.733,279207.850,18313.800
2022,3_4,4,120293.113,851113.575,266102.946,36372.375
2022,3_4,5,119293.669,424481.034,149139.350,104637.497
2022,3_4,6,1051139.665,786553.667,285466.617,252533.312
2022,3_4,7,3320844.552,1754987.464,567777.986,412029.703
2022,3_4,8,3895876.028,2522789.125,1068608.880,607221.705
2022,3_4,9,1147536.070,1429828.091,502330.036,153151.792
2022,3_4,10,0.000,852536.988,360422.141,14147.083
2022,3_4,11,108201.800,1276532.863,612051.138,8178.186
2022,3_4,12,7556.651,503967.758,296253.127,0.000
2022,3_5,1,1552384.060,1416106.070,427022.994,474010.400
2022,3_5,2,562968.750,1204160.526,470523.355,254679.446
2022,3_5,3,2918517.522,1553667.674,330773.048,407939.749
2022,3_5,4,593929.952,305561.943,53812.125,74461.439
2022,3_5,5,1140528.672,805028.330,239695.423,214877.376
2022,3_5,6,258131.005,866797.507,435864.944,51958.753
2022,3_5,7,835848.918,1518321.618,516744.035,309840.547
2022,3_5,8,44753.694,922236.218,379078.691,63256.710
2022,3_5,9,182059.821,702356.200,422847.100,31557.036
2022,3_5,10,501367.059,1173548.495,431071.695,40109.365
2022,3_5,11,1814452.860,537810.721,174904.155,90174.942
2022,3_5,12,1496701.967,2145956.244,286481.617,390041.025
2023,2_3,1,28924.110,124214.064,76247.358,8278.014
2023,2_3,2,72718.800,160193.688,49514.412,13539.050
2023,2_3,3,237237.325,137335.905,64096.175,39955.760
2023,2_3,4,104614.133,100150.981,59475.256,71744.687
2023,2_3,5,155157.807,54943.626,11845.843,382080.556
2023,2_3,6,210858.341,56691.917,23127.045,257294.083
2023,2_3,7,2518295.175,186222.850,59252.725,1206216.188
2023,2_4,1,7620.770,122411.508,43226.600,0.000
2023,2_4,2,102293.750,137755.917,59038.250,20458.750
2023,2_4,3,35744.250,105507.390,22470.833,257358.600
2023,2_4,4,86679.277,115098.923,16312.150,145941.685
2023,2_4,5,27046.313,79700.250,20702.356,63147.198
2023,2_4,6,21693.760,125909.583,22380.600,7974.500
2023,2_4,7,182522.218,444306.925,127873.120,404573.620
2023,3_2,1,145429.753,379520.346,235359.779,45814.042
2023,3_2,2,474428.369,393065.260,186835.105,102614.385
2023,3_2,3,696433.948,510203.296,188688.026,221620.941
2023,3_2,4,523636.201,720705.306,268171.112,218490.528
2023,3_2,5,682098.480,465553.350,218137.290,201308.190
2023,3_2,6,2333966.913,1211345.617,462489.830,375862.218
2023,3_2,7,1250499.187,867824.811,288992.005,237653.591
2023,3_3,1,317810.500,783917.988,337382.425,141570.132
2023,3_3,2,81661.200,430906.748,142924.516,7840.742
2023,3_3,3,17921.094,422425.781,170677.083,11947.396
2023,3_3,4,120906.877,600828.650,180805.440,19037.274
2023,3_3,5,93570.750,348538.660,155925.190,4798.500
2023,3_3,6,48987.521,538991.167,181558.926,11733.400
2023,3_3,7,11001.125,770078.750,583059.625,6884.867
2023,3_4,1,147984.688,761117.500,562056.000,15936.812
2023,3_4,2,131716.964,385742.536,150533.673,26462.132
2023,3_4,3,188075.038,619751.528,277330.987,31877.125
2023,3_4,4,27856.572,525876.952,266310.416,6515.192
2023,3_4,5,32408.207,116849.699,50271.633,7431.550
2023,3_4,6,372666.478,250813.300,82653.448,82207.487
2023,3_4,7,955416.714,502287.225,141420.675,221545.905
2023,3_5,1,437779.511,967543.822,502509.556,277055.631
2023,3_5,2,158337.338,297530.025,208525.317,81668.732
2023,3_5,3,318397.915,294022.955,175195.025,19804.655
2023,3_5,4,105237.038,283575.804,101588.842,39365.929
2023,3_5,5,121624.201,246023.392,92150.275,44390.843
2023,3_5,6,125836.946,723078.268,272083.219,82883.958
2023,3_5,7,163841.111,4739600.764,1875270.100,90112.611
